Articulo,Nombre,Bulto,Sabores,Imagen,Estado,Rubro
1260,🔴 ENVASES VACIOS,,,,✅ en precios,OTROS
2265,ACEITE DE COCO NEUTRO X 200GR - ENTRENUTS ,12 unid.,,https://drive.google.com/file/d/1DT-EJI0FphtfZMGLOEMrSeYMNeaS2Dbp/view,✅ en precios,ACEITES Y VINAGRES
2141,ACEITE DE COCO NEUTRO X 360GR - ENTRENUTS,12 unid.,,https://drive.google.com/file/d/152trCrtVnqrqBpTZmgkdRxJtLgjKj0VW/view,✅ en precios,ACEITES Y VINAGRES
2142,ACEITE DE COCO VIRGEN X 200GR - ENTRENUTS,12 unid.,,https://drive.google.com/file/d/1bIaTu-IwSu3LSvSHplMMRH646c_O-vfl/view,✅ en precios,ACEITES Y VINAGRES
2266,ACEITE DE COCO VIRGEN X 360GR - ENTRENUTS,12 unid.,,https://drive.google.com/file/d/10RUG87XYxr6t9RrYo6_F7kMzVyukmkJU/view,✅ en precios,ACEITES Y VINAGRES
1012,ACEITE DE OLIVA  X 1 L - LAUR,6 unid.,,https://drive.google.com/file/d/18MosSegYZv-so0GIc6eiDLYBvuXj6EDe/view,✅ en precios,ACEITES Y VINAGRES
1011,ACEITE DE OLIVA - PANNOCCHIA X 1L,6 unid.,,https://drive.google.com/file/d/1rwI76CFaX0kpWKAsnFl2qhIFeJ-cfX9B/view,✅ en precios,ACEITES Y VINAGRES
1013,ACEITE DE OLIVA - PANNOCCHIA X 500ML,6 unid.,,https://drive.google.com/file/d/1S7OwVBL8FZwjVlnWz7lp92TIoUxcCT0Y/view,✅ en precios,ACEITES Y VINAGRES
1014,ACEITE DE OLIVA - PANNOCCHIA X 5L,2 unid.,,https://drive.google.com/file/d/1KbxYN7XLKm24zzgQf5aZioy-3zdq1rvp/view,✅ en precios,ACEITES Y VINAGRES
1008,ACEITE DE OLIVA X 3 L - RODRIGO DE VIVAR,4 unid.,,https://drive.google.com/file/d/1OZOxuJoqpIXHFQRDfeQiPzmnYGZtzmci/view,✅ en precios,ACEITES Y VINAGRES
1908,ACEITE DE OLIVA X 3L - VERDEOLIVA,3 unid.,,https://drive.google.com/file/d/1HhWAIhOPpJBly1q13x1tYuENnT8YT2-C/view,✅ en precios,ACEITES Y VINAGRES
1007,ACEITE DE OLIVA X 5 L - RODRIGO DE VIVAR,1 unid.,,https://drive.google.com/file/d/1H-W9VwJb8KVjAgM_o7EnQJyaFeN4CGi0/view,✅ en precios,ACEITES Y VINAGRES
1002,ACEITE DE OLIVA X 500 CC - LAUR,6 unid.,,https://drive.google.com/file/d/1A2gi-MF5FPGL07b8bam7cjKarlnaRTj4/view,✅ en precios,ACEITES Y VINAGRES
1009,ACEITE DE OLIVA X 500 CC - RODRIGO DE VIVAR,6 unid.,,https://drive.google.com/file/d/1KSYsbt1CWv9vqWtg_sb1PMZ3ZF-IfJTx/view,✅ en precios,ACEITES Y VINAGRES
2119,ACEITE DE OLIVA X 500ML - VERDEOLIVA,20 unid.,,https://drive.google.com/file/d/1gYtu83WZXt-pZgCxGEAdD48KAGt79yvH/view,✅ en precios,ACEITES Y VINAGRES
1909,ACEITE DE OLIVA X 5L - VERDEOLIVA,1 unid.,,https://drive.google.com/file/d/1-BTYBFcKSUF8WoXp9C4VcHaubtdnR55L/view,✅ en precios,ACEITES Y VINAGRES
1010,ACEITE DE OLIVA X 900 CC - RODRIGO DE VIVAR,6 unid.,,https://drive.google.com/file/d/1a4Djen_Q5drmMmJvn9FxpbC_OqDB0twf/view,✅ en precios,ACEITES Y VINAGRES
1894,ACEITE DE OLIVA X 900ML - VERDE OLIVA,10 unid.,,https://drive.google.com/file/d/142O5TyjoOb0qFDAkbmnTDanpXRDxa8VN/view,✅ en precios,ACEITES Y VINAGRES
1020,ACEITUNAS DESCAROZADAS X1 KG - DURANG,4 unid.,,https://drive.google.com/file/d/16hKXfibLKQ8Lh7PRlZ8aE5IowuyiZm5j/view,✅ en precios,ACEITUNAS
1018,ACEITUNAS DESCAROZADAS X5 KG - VALLE DE LAS REINAS,1 unid.,,https://drive.google.com/file/d/1IrXSiby8oWQdE-i0SxqDTCwkHbR71K3Z/view,✅ en precios,ACEITUNAS
1021,ACEITUNAS FILETEADAS X1 KG - DURANG,4 unid.,,https://drive.google.com/file/d/16f8vDnblZ-IBDsmgIPUYvJ4q2r4p6RKj/view,✅ en precios,ACEITUNAS
1023,ACEITUNAS FILETEADAS X4 KG - VALLE DE LAS REINAS,1 unid.,,https://drive.google.com/file/d/1V63rW62vAKYDRdlROHJgdKscavufYVkY/view,✅ en precios,ACEITUNAS
1024,ACEITUNAS GRIEGAS X 1 KG - RODRIGO DE VIVAR,4 unid.,,https://drive.google.com/file/d/1SjcAtYy5_pKiEW-oqI36ukrQb6o0NxYr/view,✅ en precios,ACEITUNAS
1025,ACEITUNAS GRIEGAS X 500GR - RODRIGO DE VIVAR,6 unid.,,https://drive.google.com/file/d/16Yw8SvRLXB2M439BnKEK40CIRBBSqata/view,✅ en precios,ACEITUNAS
2443,ACEITUNAS NEGRAS DESCAROZADAS X3 KG - DURANG,1 unid.,,https://drive.google.com/file/d/17A_aCq6JKmEtpo6fOC74wZ8HW36XueuG/view,✅ en precios,ACEITUNAS
1030,ACEITUNAS NEGRAS DESCAROZADAS X5 KG - DURANG,1 unid.,,https://drive.google.com/file/d/1XZJnyE7mOf20u1N92PdrgpeoAtWKAqu-/view,✅ en precios,ACEITUNAS
1031,ACEITUNAS NEGRAS FILETEADAS X5 KG - DURANG,1 unid.,,https://drive.google.com/file/d/1nv0SBciMQCsB_mYpXHZnvpcr0q_VS-yj/view,✅ en precios,ACEITUNAS
1026,ACEITUNAS NEGRAS Nº 0 X5 KG - DURANG,1 unid.,,https://drive.google.com/file/d/1EuNd1qNZk-VO5Nl-GgQsDnazTPCSFGb8/view,✅ en precios,ACEITUNAS
1028,ACEITUNAS NEGRAS Nº 1 X5 KG - DURANG,1 unid.,,https://drive.google.com/file/d/1yxpme6iPFcvA4e-R48c2aXjP8r3lof6A/view,✅ en precios,ACEITUNAS
1032,ACEITUNAS NEGRAS X1 KG - DURANG,1 unid.,,https://drive.google.com/file/d/1Sf_otCfALRHKDxgUdFiP0K9y8DxFdLgC/view,✅ en precios,ACEITUNAS
1033,ACEITUNAS RELLENAS CON ALMENDRAS X330 GR - AGROIANNI,12 unid.,,https://drive.google.com/file/d/1YLvJsxC79slK8q-mOq3SUQUbTRnh0_e5/view,✅ en precios,ACEITUNAS
1037,ACEITUNAS RELLENAS SURTIDAS X330 GR - AGROIANNI,12 unid.,,https://drive.google.com/file/d/1qLOJrXgCyon3PG5PfdeD4lqHaK53m6I6/view,✅ en precios,ACEITUNAS
1036,ACEITUNAS RELLENAS X 200 GR - DURANG,6 unid.,,https://drive.google.com/file/d/1tdWgffM1O9ps3tBKETvpjZ0ze8Uc8bzs/view,✅ en precios,ACEITUNAS
1034,ACEITUNAS RELLENAS X1 KG - DURANG,4 unid.,,https://drive.google.com/file/d/1N2FNwseFdCoIbpgsRKGuH51HexB37FbY/view,✅ en precios,ACEITUNAS
1038,ACEITUNAS VERDES N°0 X5 KG - DURANG ,1 unid.,,https://drive.google.com/file/d/1ESas6o5MqcRXfJlcdUfhLKNLARjFgc-V/view,✅ en precios,ACEITUNAS
1056,ACEITUNAS VERDES N°0 X5 KG - RODRIGO DE VIVAR,1 unid.,,https://drive.google.com/file/d/1fW8ki2roLnJqghn5joCZVDvJidwURo8g/view,✅ en precios,ACEITUNAS
1058,ACEITUNAS VERDES N°1 X5 KG - RODRIGO DE VIVAR,1 unid.,,https://drive.google.com/file/d/15dmMqtVkrYMDt44NoftA8jS0ejrAtnw5/view,✅ en precios,ACEITUNAS
1059,ACEITUNAS VERDES N°2 X5 KG - RODRIGO DE VIVAR,1 unid.,,https://drive.google.com/file/d/1YqTYHseFdYsHUexZZsHoxPRCBGkw32Ts/view,✅ en precios,ACEITUNAS
1043,ACEITUNAS VERDES Nº 00 X 1 KG - RODRIGO DE VIVAR,4 unid.,,https://drive.google.com/file/d/1-z9vQ_0VyEe9tTblrjKuiokNv3ecj9If/view,✅ en precios,ACEITUNAS
1049,ACEITUNAS VERDES Nº 00 X 500GR - RODRIGO DE VIVAR,6 unid.,,https://drive.google.com/file/d/1xQum6K1Y6_d4pTL6TDoxM-7yFwDqPcub/view,✅ en precios,ACEITUNAS
1050,ACEITUNAS VERDES Nº 1 X 500GR - RODRIGO DE VIVAR,6 unid.,,https://drive.google.com/file/d/1SIvCTtZG5forSTYSfwmyICZU81Yw9d1P/view,✅ en precios,ACEITUNAS
1044,ACEITUNAS VERDES Nº0 X 1 KG - RODRIGO DE VIVAR,4 unid.,,https://drive.google.com/file/d/1GUWDFv2V60PKV_pMiNbc59OmKZdEFN4o/view,✅ en precios,ACEITUNAS
1051,ACEITUNAS VERDES Nº0 X 500GR - RODRIGO DE VIVAR,6 unid.,,https://drive.google.com/file/d/1YSpxUfC3TdhW3OckOg1xnBGCzSHTIX3U/view,✅ en precios,ACEITUNAS
1045,ACEITUNAS VERDES Nº1 X 1 KG - RODRIGO DE VIVAR,4 unid.,,https://drive.google.com/file/d/1_JEVQnhaBGEd7N9I2nZCGb7CEOGNDCgC/view,✅ en precios,ACEITUNAS
1040,ACEITUNAS VERDES Nº1 X5 KG - DURANG ,1 unid.,,https://drive.google.com/file/d/1LdblUkapivtb0I2IuG9BRiq_gz7ZX4zS/view,✅ en precios,ACEITUNAS
1064,ACETO BALSAMICO 500CC - ALCARAZ GOURMET,12 unid.,,https://drive.google.com/file/d/1YMehG75RBjLkKehMnf65VxkCnno2rTOm/view,✅ en precios,ACEITES Y VINAGRES
2416,ACETO BALSAMICO X 250CC - MILLAN,6 unid.,,https://drive.google.com/file/d/1IOGhOiSEQdJLK-3PEc0_qOoL5gVz6UPG/view,✅ en precios,ACEITES Y VINAGRES
1066,ACETO REDUCCION X 500CC - ALCARAZ GOURMET,12 unid.,,https://drive.google.com/file/d/13zdwuvH1ANO2E6Ss6MTYIUFnMCaD7t4O/view,✅ en precios,ACEITES Y VINAGRES
1067,ADEREZO DE PICKLES X200 GR - DURANG,6 unid.,,https://drive.google.com/file/d/1j4IFEGf_nmwwsybSEWHU_dn4b6xSip6d/view,✅ en precios,ENCURTIDOS
1068,ADOBO PARA PIZZA,1 kg,,https://drive.google.com/file/d/1Hpa-w2m8Vn_sBVxKa532gmJKiEyFaz3B/view,✅ en precios,ESPECIAS
4451,AGRIDULCE DE VEGETALES X200 GR - DURANG,6 unid.,,https://drive.google.com/file/d/1nwsntoS0fE2c7VL6FDjK7NiuWBwSMamh/view,✅ en precios,ENCURTIDOS
1079,AJI MOLIDO FINO,1 kg,,https://drive.google.com/file/d/198MWrKl_mMZ6ML255667bHX9yqNLsuFk/view,✅ en precios,ESPECIAS
1082,AJIES DULCES X 110 GR - DURANG,6 unid.,,https://drive.google.com/file/d/1Hh_VZ2mQ0b63SscIg2o80_RROEm8xZFV/view,✅ en precios,ENCURTIDOS
1081,AJIES DULCES X1 KG - DURANG,2 unid.,,https://drive.google.com/file/d/13mT0mCyPkBslw1J2fcHQNlxEV39BK0GE/view,✅ en precios,ENCURTIDOS
1084,AJIES PICANTES X 110 GR - DURANG,6 unid.,,https://drive.google.com/file/d/16EgW37ix5K7e9cAcJs4g-B6l0MwS3s6B/view,✅ en precios,ENCURTIDOS
1083,AJIES PICANTES X1 KG - DURANG,2 unid.,,https://drive.google.com/file/d/1SQ_mQS5pbd3JTxUIgD7Bko4SKrWNjVVO/view,✅ en precios,ENCURTIDOS
1085,AJO EN POLVO,1 kg,,https://drive.google.com/file/d/16oa97VYpy0-t9tRPDhLj5dI78OX1A1YY/view,✅ en precios,ESPECIAS
1088,AJO GRANULADO,1 kg,,https://drive.google.com/file/d/1i3FghkKESJrJw0LAOewl9xLoOI4Owp-a/view,✅ en precios,ESPECIAS
1099,ALBAHACA EN HOJAS,1 kg,,https://drive.google.com/file/d/1Y5V26NL92wMotUp_Jgag0SMOWwtKpu34/view,✅ en precios,ESPECIAS
1100,ALCAPARRAS X 100GR - ALCARAZ GOURMET,12 unid.,,https://drive.google.com/file/d/12kY3S9biElu2bu313qqt2eWDyQif3s38/view,✅ en precios,ENCURTIDOS
2434,ALCAPARRAS X500 GR - ALCARAZ GOURMET,12 unid.,,https://drive.google.com/file/d/1aVYwN9Yj7lc730-qiuKcMwrDbyjTolYY/view,✅ en precios,ENCURTIDOS
4452,ALMENDRA PARTIDA,10 kilos.,,https://drive.google.com/file/d/1haZ64ESOumYBedGUI0AvxzAmGItSUbYz/view,✅ en precios,FRUTOS SECOS
2445,ALMENDRAS CARMEL,10 kilos.,,https://drive.google.com/file/d/1uYxWt_bELrgHeyyJHZmHoVCqDlED52EK/view,✅ en precios,FRUTOS SECOS
1842,ALMENDRAS NONPAREIL,10 kilos.,,https://drive.google.com/file/d/16PznJURYBrA658AwGfRM2tXNLzkz196Y/view,✅ en precios,FRUTOS SECOS
1113,ALMIDON DE MAIZ,1 kg,,https://drive.google.com/file/d/1-lmyboOmcA-wBKl-rgFLhLr_HUIjgD2a/view,✅ en precios,HARINAS
1115,ALMOHADITAS DE CHOCOLATE,2.5 kilos.,,https://drive.google.com/file/d/1WtjiyZpSTUeVK4OcYc1z6_cZs3ZOjiHQ/view,✅ en precios,CEREALES
1117,ALMOHADITAS DE FRUTILLA,2.5 kilos,,https://drive.google.com/file/d/1yZdc6EAeBDlf895N0uizyQGemJi7ivZ-/view,✅ en precios,CEREALES
1118,ALMOHADITAS DE LIMON,2.5 kilos.,,https://drive.google.com/file/d/1M76YRVivSWU1mROLRo7d1MfwQg3ypEI6/view,✅ en precios,CEREALES
1114,ALMOHADITAS DOS SALVADOS,2.5 kilos.,,https://drive.google.com/file/d/1tWKPU9lnGg_x3xO5qKoe1Xe1Yoj0Qzby/view,✅ en precios,CEREALES
1121,ANILLOS DE AVENA Y MIEL,2.5 kilos.,,https://drive.google.com/file/d/1ypkgGfypNVXdAyhu3e_tctFL_pvRh2ih/view,✅ en precios,CEREALES
1122,ANILLOS FRUTADOS,2.5 kilos.,,https://drive.google.com/file/d/1Ud1G3_GTKzOJlgQUuWIsDS8gW8W7uN1n/view,✅ en precios,CEREALES
1123,ANIS EN GRANO,1 kg,,https://drive.google.com/file/d/10Rj5SFRP2MBT2ivj_t8FM0I3xKYEw_G7/view,✅ en precios,ESPECIAS
1124,ANIS ESTRELLADO,1 kg,,https://drive.google.com/file/d/110BKpRZCGMZVqRQ1US6pEtFzah0Jqd00/view,✅ en precios,ESPECIAS
1127,ARANDANOS DESHIDRATADOS,"11,34 kg",,https://drive.google.com/file/d/1-3hEiQdp5-wSKlvvcymYZu1DU6SVODsx/view,✅ en precios,DESHIDRATADOS
2214,ARANDANOS X30 COMPRIMIDOS - EL NATURALISTA,,,https://drive.google.com/file/d/10BhNh7ksbDfRed2slcohwcZ07ApXcAXQ/view,✅ en precios,SUPLEMENTOS
1129,ARROPE DE CHAÑAR X600 GR - MUPAY,12 unidades,,https://drive.google.com/file/d/1Yc780U_gZC-cewfwA6xM2gHW-mGLIeme/view,✅ en precios,"DULCES, MIEL Y CHOCOLATES"
1130,ARROPE DE TUNA X600 GR - MUPAY,12 unidades,,https://drive.google.com/file/d/1QpsuR12cFn9MTFbww53gb08i1_BR6UW2/view,✅ en precios,"DULCES, MIEL Y CHOCOLATES"
1131,ARROZ INTEGRAL,1 kg,,https://drive.google.com/file/d/1D0a6R-nMl1uqcA7C-NRbVVYys29ljg5_/view,✅ en precios,GRANOS Y LEGUMBRES
1133,ARROZ YAMANI,1 kg,,https://drive.google.com/file/d/1RiePI2Fs0zkEbnaZzjQuI19i3uJtcxQn/view,✅ en precios,GRANOS Y LEGUMBRES
1134,AVELLANAS SIN CASCARA,10 kg,,https://drive.google.com/file/d/1aJSoUs-mQkVvjAII9QM7n73cIpDNFwmr/view,✅ en precios,FRUTOS SECOS
1135,AVENA ARROLLADA GRUESA,1 kg,,https://drive.google.com/file/d/1Y6Do4jttfSx_kCoknumMYRFQ8oP-lEw2/view,✅ en precios,CEREALES
1136,AVENA INSTANTÁNEA,1 kg,,https://drive.google.com/file/d/1T1EtpnddycW6n2lZy9DxfBBXFpMvdROQ/view,✅ en precios,CEREALES
1137,AVENA TRADICIONAL,1 kg,,https://drive.google.com/file/d/1Wrrzd3hO2ew6ry9B0tZ9rpmtMPzYcWhv/view,✅ en precios,CEREALES
1138,AZAFRAN ESPAÑOL X CAPSULA,10 unidades,,https://drive.google.com/file/d/1vpzc6luyyWsCPGbYK2HfZCld8GEq3Zvv/view,✅ en precios,ESPECIAS
1140,AZUCAR IMPALPABLE,1 kg,,https://drive.google.com/file/d/1A0qdFEmUs_jNrUES8ccOmdecshqTJqma/view,✅ en precios,"AZUCAR, CACAO Y REPOSTERIA"
1141,AZUCAR MASCABO,1 kg,,https://drive.google.com/file/d/10WsWJ94Z3AzM3O5DXfjBiWYjoFBCgCk6/view,✅ en precios,"AZUCAR, CACAO Y REPOSTERIA"
1142,AZUCAR NEGRA,1 kg,,https://drive.google.com/file/d/14zx8vpTVr0QajXK3Sfe-E-SEb5X-EwMD/view,✅ en precios,"AZUCAR, CACAO Y REPOSTERIA"
2074,BARRA PROTEICA X40 GR - SIN TACC - CRUDDA,,,https://drive.google.com/file/d/1xV00r5HSo3zy6rGeo_d5Yj28DoWrdl2j/view,✅ en precios,SNACK
1147,BASTONCITOS DE SALVADO DE TRIGO Y AVENA,"2,5 kg",,https://drive.google.com/file/d/19pulxRbH7xL56FagImtf_tiyKI4iPlvm/view,✅ en precios,CEREALES
1150,BERENJENAS CONDIMENTADAS X200 GR - DURANG,6 unidades,,https://drive.google.com/file/d/1vivsZ1XVLxnKOoE4npMrRJpz-VKziFom/view,✅ en precios,ENCURTIDOS
2089,BICARBONATO  DE SODIO,1 kg,,https://drive.google.com/file/d/1gyE8yPEaayBGMFLEmP6B_ijIRyW9apiA/view,✅ en precios,ESPECIAS
1151,BICARBONATO DE SODIO X50 GR - INDIAS,25 unidades,,https://drive.google.com/file/d/17575rt-rqMMtAt_utc3qRj5ufJubO4OO/view,✅ en precios,ESPECIAS
1154,BOLDO,1 kg,,https://drive.google.com/file/d/1J9BdkXR2a7LzKz2xazGBpa8jwTd5hmcV/view,✅ en precios,INFUSIONES Y HIERBAS
1155,BOLITAS DE CHOCOLATE,"2,5 kg",,https://drive.google.com/file/d/1Q56-RkzQo7pP8geqUZ-AGVchPl4ItYdr/view,✅ en precios,CEREALES
1163,CACAO AMARGO DE BRASIL,1 kg,,https://drive.google.com/file/d/19jMlGqwqxZcMIC8f7D5QAQIHX8we9RiH/view,✅ en precios,"AZUCAR, CACAO Y REPOSTERIA"
2216,CAFE VERDE X30 COMPRIMIDOS - EL NATURALISTA,,,https://drive.google.com/file/d/1s_HQee3Ct7AVUZNXKhc64AwL58l6b-XF/view,✅ en precios,SUPLEMENTOS
1167,CANELA EN RAMA,1 kg,,https://drive.google.com/file/d/1yLOgWp7aQmQ6Gfv4Zo-XRDknTZoLqrhi/view,✅ en precios,ESPECIAS
1168,CANELA MOLIDA,1 kg,,https://drive.google.com/file/d/1WXIYjf82ASvUYhrC3r924VmhPWNc9i3-/view,✅ en precios,ESPECIAS
1176,CARDAMOMO,1 kg,,https://drive.google.com/file/d/1gBK5oIsBtJbQv88srpZ6DZct7McJdEX7/view,✅ en precios,ESPECIAS
2080,CARDOMARIANO X30 CAPSULAS - EL NATURALISTA,,,https://drive.google.com/file/d/1ZW2LgeqdKgWWlI5Tn3W0-P4xDIy3L9HN/view,✅ en precios,SUPLEMENTOS
2218,CAROTENO X10 CAPSULAS - EL NATURALISTA,,,https://drive.google.com/file/d/1iFdEtBZgmu1ZI6I7Ed_HxhNyYRIDqWrP/view,✅ en precios,SUPLEMENTOS
1178,CASCARILLA DE CACAO,1 kg,,https://drive.google.com/file/d/15FzyEn5HGuv699E9UBWoUIJT_oI7QHZ3/view,✅ en precios,"AZUCAR, CACAO Y REPOSTERIA"
1180,CASTAÑAS CAJU,5 kg,,https://drive.google.com/file/d/1Xoz8PXa0yjIg4WT0HIART70CGIFopFWP/view,✅ en precios,FRUTOS SECOS
1182,CEBOLLA EN ESCAMAS,1 kg,,https://drive.google.com/file/d/1vASYt2UrVhhl1AA7fXeWlWxGUz7_qosQ/view,✅ en precios,ESPECIAS
1185,CEBOLLITAS EN VINAGRE X330 GR - DURANG,6 unidades,,https://drive.google.com/file/d/1mfqmzHF8EdLPlM2mrwP5hP9yFkQv3jrN/view,✅ en precios,ENCURTIDOS
1188,CEREZAS AL MARRASCHINO X170 GR - AGROIANNI,12 unidades,,https://drive.google.com/file/d/11j2OvzMbXf8HlUc_LepoKfIJ2zhgrqpZ/view,✅ en precios,LINEA GOURMET
1193,CEREZAS AL MARRASCHINO X330 GR - AGROIANNI,12 unidades,,https://drive.google.com/file/d/1n-AmN8O6FFR4JPZ7DXpiOGF0SKi6uoZD/view,✅ en precios,LINEA GOURMET
1201,CHIMICHURRI,1 kg,,https://drive.google.com/file/d/1lqMuR5X-im_1fuC3d_k4-z-qmpWLDcBe/view,✅ en precios,ESPECIAS
1202,CHIPS DE BANANA,"6,8 kg",,https://drive.google.com/file/d/1tHz0CPQn94o34AE_oymNrsxf_gCoDDya/view,✅ en precios,DESHIDRATADOS
1204,CHUCRUT X600 GR - ALCARAZ GOURMET,6 unidades,,https://drive.google.com/file/d/1BLQaKI6BCeVw_78YR0DcVZBQUMm9HoVK/view,✅ en precios,ENCURTIDOS
1206,CIRUELA PRESIDENTE SIN CAROZO,5 kg,,https://drive.google.com/file/d/1Tedikm7hqYFZZGrkfGX1KRlF2b1ETX8r/view,✅ en precios,DESHIDRATADOS
1207,CIRUELAS D`AGEN CON CAROZO,10 kg,,https://drive.google.com/file/d/19xXY0pEbQvvg7sMKeDGhGmMqLaZFYnFA/view,✅ en precios,DESHIDRATADOS
1208,CIRUELAS TIERNIZADAS SIN CAROZO,5 kg,,https://drive.google.com/file/d/1UaJqE6bpmw1tzb1xHxIzodRhMBZsqcHV/view,✅ en precios,DESHIDRATADOS
2076,CITRATO DE MAGNESIO X30 COMPRIMIDOS - EL  NATURALISTA,,,https://drive.google.com/file/d/1mRf1BFbOxI8NihwSkBQUNzjwF9W-ulYC/view,✅ en precios,SUPLEMENTOS
2077,CITRATO DE POTASIO X30 COMPRIMIDOS - EL NATURALISTA,,,https://drive.google.com/file/d/11T6jTwiWh8vqbm2ReafK6EzW3UrdfWZr/view,✅ en precios,SUPLEMENTOS
1209,CLAVO DE OLOR ENTERO,1 kg,,https://drive.google.com/file/d/10AZzo5zHczh5mib2nk55TMhenrY2W-7G/view,✅ en precios,ESPECIAS
1211,COCO EN ESCAMAS,1 kg,,https://drive.google.com/file/d/13yWZQOqu5ijl1s3GTfAvjgy0utjCmGfq/view,✅ en precios,"AZUCAR, CACAO Y REPOSTERIA"
1212,COCO RALLADO,1 kg,,https://drive.google.com/file/d/11d9JIijSF4dXlpzMgEpFLAulVjL2LUCH/view,✅ en precios,"AZUCAR, CACAO Y REPOSTERIA"
2031,COLAGENO HIDROLIZADO - PEPTAN B 2000 LD,1 kg,,https://drive.google.com/file/d/14NenshLi9fBZPcVZjxfVaIFcf9tGOJTf/view,✅ en precios,SUPLEMENTOS
2222,COLAGENO X10 COMPRIMIDOS - EL NATURALISTA,,,https://drive.google.com/file/d/1PMZLayzG6mqCWiG46kGKvGzdxB0XyfJe/view,✅ en precios,SUPLEMENTOS
1214,COMINO MOLIDO,1 kg,,https://drive.google.com/file/d/14ga-yNjWExhPg_zBqPYRP8U20XTaTPA6/view,✅ en precios,ESPECIAS
1219,CONDIMENTO PARA ARROZ,1 kg,,https://drive.google.com/file/d/1mV89rz9BTpeWR_BspWModpBzXtGtq6VP/view,✅ en precios,ESPECIAS
1229,COPOS DE MAIZ,"2,5 kg",,https://drive.google.com/file/d/1P4UdCh-pg94nJfhD1wCBCNyniZMLzkwi/view,✅ en precios,CEREALES
1228,COPOS DE MAIZ CON AZUCAR,"2,5 kg",,https://drive.google.com/file/d/1L5n634OGcpybf7dAGm0hTnbx3y-OXPZC/view,✅ en precios,CEREALES
1101,CORAZONES DE ALCAUCIL CONDIMENTADOS X330 GR - DURANG,6 unidades,,https://drive.google.com/file/d/1HArqd4wBBDbVAY4JGqOylHRqlV5Di-LA/view,✅ en precios,ENCURTIDOS
1230,CORAZONES DE ALCAUCIL EN VINAGRE X300 GR - DURANG,6 unidades,,https://drive.google.com/file/d/12iWmYR5tCjRa5eN67cw2k6eeW3AJPk_D/view,✅ en precios,ENCURTIDOS
2238,CREATINA MONOHIDRATO,1 kg,,https://drive.google.com/file/d/1p1DC201LdeiFCMTYVAMZOiY5EWWXFFk_/view,✅ en precios,SUPLEMENTOS
2169,CURCUMA + PIMIENTA X30 COMPRIMIDOS - EL NATURALISTA,,,https://drive.google.com/file/d/1_bjSV4yAeIyGT7WRMi-36m3vw2Z1eUGJ/view,✅ en precios,SUPLEMENTOS
1236,CURCUMA MOLIDA,1 kg,,https://drive.google.com/file/d/1GPRzBVDuypLKSEti6GOGlVC9JwMRyT_s/view,✅ en precios,ESPECIAS
1239,CURRY,1 kg,,https://drive.google.com/file/d/1jA1Da9nsYkxqb064qN-deDqSVofYK_sN/view,✅ en precios,ESPECIAS
1240,CUSCUS,1 kg,,https://drive.google.com/file/d/1sPguZghZaRYhB3z_t6QWeUhnHI7gXNMp/view,✅ en precios,GRANOS Y LEGUMBRES
1242,DATILES DE EGIPTO CON CAROZO,1 kg,,https://drive.google.com/file/d/1ggYi4CGKjZ9XCLcLwiXQoKgRtp-IhCP9/view,✅ en precios,DESHIDRATADOS
2072,DIENTE DE LEON,1 kg,,https://drive.google.com/file/d/18mTEIVJnA2Y3UI9ddfAnlKVnhfGDRRMa/view,✅ en precios,INFUSIONES Y HIERBAS
2403,DULCE DE ALCAYOTA X1 KG - DON FRANCISCO,,,,❌ no está en precios,
1244,DULCE DE ALCAYOTA X500 GR - DON FRANCISCO,12 unidades,,https://drive.google.com/file/d/1hAmK_w0nFlj5twyDbbKKPHfwotPTyCIb/view,✅ en precios,"DULCES, MIEL Y CHOCOLATES"
1254,DULCE DE MEMBRILLO X1 KG - DON FRANCISCO,1 unidad,,https://drive.google.com/file/d/1wGO4YqplgiTtHKaJMhkW5-eC8h6xoc-1/view,✅ en precios,"DULCES, MIEL Y CHOCOLATES"
1255,DULCE DE MEMBRILLO X5 KG - DON FRANCISCO,1 unidad,,https://drive.google.com/file/d/18drVT084LD8IWwBZBA1ckFJY3iiZpvka/view,✅ en precios,"DULCES, MIEL Y CHOCOLATES"
1253,DULCE DE MEMBRILLO X500 GR - MUPAY,20 unidades,,https://drive.google.com/file/d/1M2tosfDbag8ZAAwyKx1kbQfsiw7okEBi/view,✅ en precios,"DULCES, MIEL Y CHOCOLATES"
1681,DURAZNOS EN MITADES X 800 GR - VALLE DE LAS REINAS,6 unidades,,https://drive.google.com/file/d/15ItDERYBQ3-MiDwBEA9t1HY2y7aoMh1X/view,✅ en precios,LINEA GOURMET
1259,ENELDO EN SEMILLAS,1 kg,,https://drive.google.com/file/d/1sq5b7TNau_jq6mH5KVC7MCcelnmq09uL/view,✅ en precios,SEMILLAS
1263,ESENCIA ARTIFICIAL DE VAINILLA X 100 CC - INDIAS,12 unidades,,https://drive.google.com/file/d/19bIyRbLXWdeAbAWXd48C-5h7_3Batcai/view,✅ en precios,"AZUCAR, CACAO Y REPOSTERIA"
1264,ESPARRAGOS X250 GR - ALCARAZ GOURMET,12 unidades,,https://drive.google.com/file/d/1MMKPiSQ6eUd3OsrGLPHAtSM65RCBam3x/view,✅ en precios,ENCURTIDOS
2032,EUCALIPTO EN HOJAS,1 kg,,https://drive.google.com/file/d/1GmbKN3qrdwvYX4nm-iTQEo-w7Sna7rka/view,✅ en precios,INFUSIONES Y HIERBAS
1269,FECULA DE MANDIOCA,1 kg,,https://drive.google.com/file/d/1Wah3NjiqyA-U8PlvyFd3LDYdIsFHdkbS/view,✅ en precios,HARINAS
1270,FINAS HIERBAS,1 kg,,https://drive.google.com/file/d/1juMC_2Ac-qnLQfZCOIBapMnxOREGzAk2/view,✅ en precios,ESPECIAS
2217,FLEBOTONICO X30 COMPRIMIDOS - EL NATURALISTA,,,https://drive.google.com/file/d/1F1_9MVWjAbpyX4QiKIyFh1Foh4qXMUqQ/view,✅ en precios,SUPLEMENTOS
1271,FRUTA ESCURRIDA,10 kg,,https://drive.google.com/file/d/1Q6aYP2IupHjGyGW62HuK0yczmhzAQgvn/view,✅ en precios,DESHIDRATADOS
1272,FRUTA GLASEADA,2 kg,,https://drive.google.com/file/d/11cW9L-NQ6hcmX5MEI-KkXIjNv-gNWyhZ/view,✅ en precios,DESHIDRATADOS
1954,FRUTA MULTICOLOR,10 kg,,https://drive.google.com/file/d/1sJwlaZCtWN3eJshcjCjwgCc3KBQuK4fT/view,✅ en precios,DESHIDRATADOS
1273,FRUTILLA GLASEADA,1 kg,,https://drive.google.com/file/d/1mB8nWKytdhw_aeVUxSXUXMEFg3E7Sq_E/view,✅ en precios,DESHIDRATADOS
2335,GARBANZOS,1 kg,,https://drive.google.com/file/d/1XKJbeUo9SjbACD4dtqJQmF4u5To__P37/view,✅ en precios,GRANOS Y LEGUMBRES
1276,GARRAPIÑADA DE MANI,1 kg,,https://drive.google.com/file/d/1Aak-uAtZrdeIs0wgpM1t1J43vNSCY5bZ/view,✅ en precios,"DULCES, MIEL Y CHOCOLATES"
1702,GELATINA SIN SABOR,1 kg,,https://drive.google.com/file/d/1UQVEGcK8u84nFucxoQlFkI3gJjVppxfu/view,✅ en precios,ESPECIAS
1281,GERMEN DE TRIGO NATURAL,1 kg,,https://drive.google.com/file/d/1oMEhZdsXYUDtcu9zYPz0DDc7lSkGBq68/view,✅ en precios,HARINAS
2082,GINKGO BILOBA FORTE X10 COMPRIMIDOS - EL NATURALISTA,,,https://drive.google.com/file/d/1LDrJVsyrk7Y2XrmBCItUR2JiJskYgnrR/view,✅ en precios,SUPLEMENTOS
2078,GLICINATO DE MAGNESIO X 30 COMPRIMIDOS - EL NATURALISTA,,,https://drive.google.com/file/d/1QTEiTTOducupRnuYSwMy0yjx96l9KbER/view,✅ en precios,SUPLEMENTOS
1282,GLUTEN DE TRIGO,1 kg,,https://drive.google.com/file/d/1W6BzCdVlZbVdA-vLPnPwztzQX5wefh_w/view,✅ en precios,HARINAS
1912,GRANOLA CON CHIPS DE CHOCOLATE,1 kg,,https://drive.google.com/file/d/1wt5BnuZzh5Ef8olB_3V36TU-2dfdI8AK/view,✅ en precios,CEREALES
1286,GRANOLA MIX BERRIES - KÖS,1 kg,,https://drive.google.com/file/d/1y2j0FAvDW0Yp3411EB6rCjfiYk1JVbpg/view,✅ en precios,CEREALES
1287,GRANOLA MIX ENERGETICA - KÖS,1 kg,,https://drive.google.com/file/d/1xZkK9rKGEu0Ih7cijzQIeR-hMUPK1nW5/view,✅ en precios,CEREALES
1289,GRANOLA MIX TROPICAL - KÖS,1 kg,,https://drive.google.com/file/d/1vDPGng1Bx-pfymsbqZquQ8o3DuurzGou/view,✅ en precios,CEREALES
1897,GRANOLA SIN PASAS,1 kg,,https://drive.google.com/file/d/1D16zkgWKPgqaxR0o7lwIlugBBDKoeM1F/view,✅ en precios,CEREALES
1911,GRANOLA TRADICIONAL SIN FRUTOS SECOS,1 kg,,https://drive.google.com/file/d/1gZTHH73FsNkAfJ0CDc6u7WCmaul_3mF9/view,✅ en precios,CEREALES
1291,HARINA DE ALGARROBA,1 kg,,https://drive.google.com/file/d/1jpPSXX6vdFBPGorCqfdhWOP1bZgoenub/view,✅ en precios,HARINAS
1293,HARINA DE ALMENDRAS SIN PIEL,10 kg,,https://drive.google.com/file/d/1nIG8vVlVdpwVf3pmM1fRHMD7oZC5etah/view,✅ en precios,HARINAS
1294,HARINA DE ARROZ,1 kg,,https://drive.google.com/file/d/1Gnmcuy25XM85NbHF3ptKDTIUUxvrb1kw/view,✅ en precios,HARINAS
1295,HARINA DE AVENA,1 kg,,https://drive.google.com/file/d/156HiZP8rl-2TTpAp6lBpGiIP_O1W6Xti/view,✅ en precios,HARINAS
1296,HARINA DE CENTENO,1 kg,,https://drive.google.com/file/d/1cACKXLLx6rdjnvh7f69XoHLh6ZOT_dGv/view,✅ en precios,HARINAS
1297,HARINA DE CHIA,1 kg,,https://drive.google.com/file/d/10m_L-7oc55O3wdP8gCKjcemmNCpamRFY/view,✅ en precios,HARINAS
1298,HARINA DE COCO,1 kg,,https://drive.google.com/file/d/1TUeRvGC1e0qrr2t2lCyAAtGlaooCzRCf/view,✅ en precios,HARINAS
1299,HARINA DE GARBANZO,1 kg,,https://drive.google.com/file/d/1WE3hZUJpr9AAy8kbArE1T56acjz7Sq73/view,✅ en precios,HARINAS
1300,HARINA DE LINO,1 kg,,https://drive.google.com/file/d/1COqF5AUobH03trgKdvqXmZzs-WJlSNAZ/view,✅ en precios,HARINAS
1303,HARINA DE MAIZ BLANCO,1 kg,,https://drive.google.com/file/d/1MEHVUOUYtozuVNdJmR5U-uEs30vhe3FK/view,✅ en precios,HARINAS
1305,HARINA DE SOJA DESGRASADA FINA,1 kg,,https://drive.google.com/file/d/1cPZxHhR5GxR50Gtfbum3cbEWTSeH3GTV/view,✅ en precios,HARINAS
2041,HARINA DE TRIGO SARRACENO,1 kg,,https://drive.google.com/file/d/1HwPLGh5A4w3qY8QQ8oIB26nY6TFCWUY7/view,✅ en precios,HARINAS
1306,HARINA INTEGRAL FINA,1 kg,,https://drive.google.com/file/d/1ZsaH95aMHYwlxty7pXQAr6PhDqVQwfvV/view,✅ en precios,HARINAS
1822,HARINILLA DE MAIZ PARAGUAYA,1 kg,,https://drive.google.com/file/d/1rx-t9NwtNgzUjHfOO-5-RZeN5GpPi6kQ/view,✅ en precios,HARINAS
1849,HIBISCUS FLOR,1 kg,,https://drive.google.com/file/d/1uK3AI57jCBvklH2c21huCO0TzIbpimI5/view,✅ en precios,INFUSIONES Y HIERBAS
1308,"HIGOS EN ALMIBAR X3,8 KG - MUPAY",2 unidades,,,✅ en precios,"DULCES, MIEL Y CHOCOLATES"
1309,HIGOS EN ALMIBAR X450 GR - MUPAY,12 unidades,,https://drive.google.com/file/d/1PQQftkdPVjy3Cjj_EcSJpyF1jUgeZOuf/view,✅ en precios,"DULCES, MIEL Y CHOCOLATES"
1310,HIGOS EN ALMIBAR X850 GR - MUPAY,12 unidades,,https://drive.google.com/file/d/1LmCWoruv2t6UFbVl7KvFShzSwa6z-bub/view,✅ en precios,"DULCES, MIEL Y CHOCOLATES"
1311,HIGOS TIERNIZADOS,5 kg,,https://drive.google.com/file/d/1Q9lPGXaeVdr2bRx8us-T_J2OFgI9XW54/view,✅ en precios,DESHIDRATADOS
1312,HOJAS DE PARRA X500 GR - ALCARAZ GOURMET,12 unidades,,https://drive.google.com/file/d/1r2V2OVRhcQ44AM-wYcqfjB3GjOIXGCIQ/view,✅ en precios,LINEA GOURMET
1314,HONGOS SECOS DE PINO,1 kg,,https://drive.google.com/file/d/12GNbZT09bgyQDMhq775VmHtpqU8_9ued/view,✅ en precios,ESPECIAS
1316,HUMO NATURAL X250 ML - 1854,6 unidades,,https://drive.google.com/file/d/1gtp5JtqUjuytfA2y0RkeRxLPoncp4skt/view,✅ en precios,LINEA GOURMET
1319,JENGIBRE GLASEADO,1 kg,,https://drive.google.com/file/d/1f8nx3YkZ3XqTBJOr7RbUnkiIuX8F9dFw/view,✅ en precios,DESHIDRATADOS
1320,JENGIBRE MOLIDO,1 kg,,https://drive.google.com/file/d/1v1r7FzJRkSlfaUHaVJBqvOWLnvUImi5F/view,✅ en precios,ESPECIAS
1322,JUGO DE ARANDANOS CON CHIA X 1.5 L - MAMMA CHIA,6 unidades,,https://drive.google.com/file/d/1riG7NYpsb_yugJ59mXm6_RmR-nHsEfBB/view,✅ en precios,BEBIDAS
1323,"JUGO DE ARANDANOS CON STEVIA X 1,5 L - FITOPLUS",6 unidades,,https://drive.google.com/file/d/11W4JlPlYf0KKOgQGVLV_1er3mRiYEkgu/view,✅ en precios,BEBIDAS
1324,"JUGO DE ARANDANOS X1,5 L - FITOPLUS",6 unidades,,https://drive.google.com/file/d/1EXfxe04nERNmj0f-T0n6JU8W6es32oUv/view,✅ en precios,BEBIDAS
1325,"JUGO DE LIMON, MENTA Y JENGIBRE X 1,5 L - FITOPLUS",6 unidades,,https://drive.google.com/file/d/1WYxSbZi5JI5x8P56d8jSnfO7ZcPIG1PB/view,✅ en precios,BEBIDAS
1333,JULIANA SIN PAPA,1 kg,,https://drive.google.com/file/d/11NW2sPd4I0-ZMrrUlZ-2vl-VrrgavtUV/view,✅ en precios,ESPECIAS
1350,LAUREL EN HOJAS,1 kg,,https://drive.google.com/file/d/19bwGgV6YoezMrNPaHJmyQgY2jXW8cmER/view,✅ en precios,ESPECIAS
2037,LAVANDA,1 kg,,https://drive.google.com/file/d/1ufgqaHCVmKoYPYmGon4qw6XcUSBFtltl/view,✅ en precios,INFUSIONES Y HIERBAS
1727,LECHE DE COCO EN POLVO,1 kg,,https://drive.google.com/file/d/1avRNwF5Bzk5yg3i5ZHPG-BwUMo3bhjUb/view,✅ en precios,BEBIDAS
1359,LENTEJAS,1 kg,,https://drive.google.com/file/d/1slNFYnthbX_QkulAuG9pmsMKgmUGQ2bz/view,✅ en precios,GRANOS Y LEGUMBRES
1358,LENTEJAS TURCAS,1 kg,,https://drive.google.com/file/d/1escUDrEOQkorLP0I549-_qqKqBoCIYTV/view,✅ en precios,GRANOS Y LEGUMBRES
1360,LEVADURA DE CERVEZA NUTRICIONAL,1 kg,,https://drive.google.com/file/d/1F9LkUpAOH4Bv7o72qdHSlZcx08vO3f4O/view,✅ en precios,ESPECIAS
1363,MACA EN POLVO,1 kg,,https://drive.google.com/file/d/1z6dH_ZbRJYvrqG5pUgHPU6wk-Jwz4J3B/view,✅ en precios,ESPECIAS
1364,MAIZ BLANCO PISADO PARTIDO,1 kg,,https://drive.google.com/file/d/1pE5WXu00PeFxhEhew2Is44kYfaqxQFNt/view,✅ en precios,GRANOS Y LEGUMBRES
1365,MAIZ FRITO SALADO,1 kg,,https://drive.google.com/file/d/1w8K6DYN0lCj_gFSuXDq3dJ_uV1nPv9cf/view,✅ en precios,FRUTOS SECOS
1366,MAIZ PSINGALLO,1 kg,,https://drive.google.com/file/d/1SUtjp1fEDZ2JDJH51o3eL4O0vGdUsF4l/view,✅ en precios,GRANOS Y LEGUMBRES
2095,MALVA,1 kg,,https://drive.google.com/file/d/14hhKI92r9vxcgVBrJFKaACdBCTxUTiX6/view,✅ en precios,INFUSIONES Y HIERBAS
1375,MANI CON CASCARA X 1 KG,1 kg,,https://drive.google.com/file/d/11SXWudmCqa7TyAEUmhGj5wsAn-YIdBom/view,✅ en precios,FRUTOS SECOS
1378,MANI JAPONES,1 kg,,https://drive.google.com/file/d/1FDunmm6i6iGRFgxhkqK2B2qQIfSVnSZg/view,✅ en precios,FRUTOS SECOS
1379,MANI SABORIZADO,1 kg,,https://drive.google.com/file/d/1QI0JfVC4Lyj9OaS3TMhuDQEx1ywEHv8M/view,✅ en precios,FRUTOS SECOS
1794,MANI TOSTADO A GRANEL,10 kg,,https://drive.google.com/file/d/1NkC1XamzQYzutSc3-T_moMnCwwFfRGji/view,✅ en precios,SNACK
1380,MANI TOSTADO SALADO,1 kg,,https://drive.google.com/file/d/1aEl6_09KtMcXJIFFqzh82v3nytZX3UfZ/view,✅ en precios,FRUTOS SECOS
1381,MANI TOSTADO SIN SAL,1 kg,,https://drive.google.com/file/d/1WjRKtTo5EirWVe7gwDKwjb6O93qfG_J6/view,✅ en precios,FRUTOS SECOS
1383,MANTEQUILLA DE MANI X 370 GR - ENTRENUTS,12 unidades,,https://drive.google.com/file/d/1qZh_OzE6KEBPY-1IeONmJnUF5PksSrSg/view,✅ en precios,MANTECAS Y PASTAS
1384,MANZANILLA FLOR,1 kg,,https://drive.google.com/file/d/1QNLQBOe62lw2pV2iskuftZfquII0mtIf/view,✅ en precios,INFUSIONES Y HIERBAS
1394,MEDALLONES DE DURAZNO,5 kg,,https://drive.google.com/file/d/1MwU_DIjxJKxV2ruB339EY2Ft0EsuzXvR/view,✅ en precios,DESHIDRATADOS
1901,MERMELADA DE CIRUELA X310 GR - MQA,6 unidades,,https://drive.google.com/file/d/1vtJT3rgI9ZUaxgtO8W0GNYrlOpWlgOj_/view,✅ en precios,"DULCES, MIEL Y CHOCOLATES"
1907,MERMELADA DE DURAZNO X310 GR - MQA,6 unidades,,https://drive.google.com/file/d/1wVhTtXfgDpUAMDsbcP0pu8UwBZdi-9rC/view,✅ en precios,"DULCES, MIEL Y CHOCOLATES"
1902,MERMELADA FRUTILLA X310 GR - MQA,6 unidades,,https://drive.google.com/file/d/1fckmpdYNEhJ_1MMdHuCMvK9G-DyEICLj/view,✅ en precios,"DULCES, MIEL Y CHOCOLATES"
1905,MERMELADA MANZANA X310 GR - MQA,6 unidades,,https://drive.google.com/file/d/1yMk62sKy8HLI95Z1BhUaSdLizgZB_xLv/view,✅ en precios,"DULCES, MIEL Y CHOCOLATES"
1903,MERMELADA MEMBRILLO X310 GR - MQA,6 unidades,,https://drive.google.com/file/d/1CAHLQezih3TvX0peI7MgUxPysQEckXfl/view,✅ en precios,"DULCES, MIEL Y CHOCOLATES"
1904,MERMELADA NARANJA X310 GR - MQA,6 unidades,,https://drive.google.com/file/d/1bL0hc55atrQVSrZ2eKq4i0fNXNV26z9u/view,✅ en precios,"DULCES, MIEL Y CHOCOLATES"
1906,MERMELADA ZANAHORIA Y NARANJA X310 GR,12 unidades,,https://drive.google.com/file/d/1got4Ma1xpSNperiiDL_JS6wBBx2cdluy/view,✅ en precios,"DULCES, MIEL Y CHOCOLATES"
1406,MIEL DE ABEJA X1 KG  - MONTE NATURAL,12 unidades,,https://drive.google.com/file/d/1JKsD3XI9xhwpUuvuZRI5zMUyEeqBqd7X/view,✅ en precios,"DULCES, MIEL Y CHOCOLATES"
1408,MIEL DE ABEJA X250 GR - MONTE NATURAL,24 unidades,,https://drive.google.com/file/d/1vcqMzMskV0cok-aTNgkYaP_za2vdYYga/view,✅ en precios,"DULCES, MIEL Y CHOCOLATES"
1410,MIEL DE ABEJA X500 GR - MONTE NATURAL,24 unidades,,https://drive.google.com/file/d/1InBwP0KdXp-jGKcN5fnd9K5wvxGwvqUJ/view,✅ en precios,"DULCES, MIEL Y CHOCOLATES"
1418,MIX  4 PIMIENTAS,1 kg,,https://drive.google.com/file/d/1DVNqaSTba29hzHds0u5V_yPPvgetHbOP/view,✅ en precios,ESPECIAS
1414,MIX 10 SEMILLAS SALUDABLES,1 kg,,https://drive.google.com/file/d/1InT8e4hgCMES-HaEHVsX-HEMW3usJiK3/view,✅ en precios,SEMILLAS
1415,MIX 7 SEMILLAS SALUDABLES,1 kg,,https://drive.google.com/file/d/1EUOkZXnMkbQMN6QUxP4oRDONirUEzQAz/view,✅ en precios,SEMILLAS
1416,MIX CERVECERO,1 kg,,https://drive.google.com/file/d/1OCCwZkBFZdM5oEWywgt5TXQ1goqX7DwU/view,✅ en precios,FRUTOS SECOS
1420,MIX DE FRUTOS SECOS CON CEREALES,1 kg,,https://drive.google.com/file/d/1osg281jX0TBlCzrru3pA2TrUdkxZ91Ox/view,✅ en precios,FRUTOS SECOS
1421,MIX DE SEMILLAS ADELGAZANTE,1 kg,,https://drive.google.com/file/d/1nR6et-acgtUJNIb4HAqHRM2u5YafBwoH/view,✅ en precios,SEMILLAS
1426,MIX PATAGONICO,5 kg,,https://drive.google.com/file/d/15FkU9Z-6lQxlQEVG2LpSA6SAIQ6JsNjA/view,✅ en precios,FRUTOS SECOS
1660,MIX SALADO,1 kg,,https://drive.google.com/file/d/1eZQKbgdKDK9dmVT4r8IdA7CZyNIe_QLq/view,✅ en precios,FRUTOS SECOS
1422,MIX SEMILLAS PARA ENSALADA,1 kg,,https://drive.google.com/file/d/1lychDVWnIk3kyFMKIbfHgZiWaGbUcAXD/view,✅ en precios,SEMILLAS
2228,MIX SIN PASAS PREMIUM,5 kg,,https://drive.google.com/file/d/1mxIbgm9P-xQtXref_PIV0oxiCeJH0WBC/view,✅ en precios,FRUTOS SECOS
1429,MIX TRADICIONAL,5 kg,,https://drive.google.com/file/d/1-roSiofiHxkMmDM-Bd_K_DBgWcXC8Ge0/view,✅ en precios,FRUTOS SECOS
1430,MIX TROPICAL,5 kg,,https://drive.google.com/file/d/1GoCWwa9uCvBeTnZeY6KA0pYRGoSCytkb/view,✅ en precios,FRUTOS SECOS
1436,MOSTAZA EN GRANOS,1 kg,,https://drive.google.com/file/d/12NL4LoDCzWXURU_f8oZYlHl4KxK3nRIv/view,✅ en precios,ESPECIAS
1446,NUEZ CON CASCARA,10 kg,,https://drive.google.com/file/d/1CyU_LATUzon6ngDDu-XQ0RTSmr-E_1nj/view,✅ en precios,FRUTOS SECOS
1441,NUEZ CUARTILLO,5 kg,,https://drive.google.com/file/d/14S3MSYxxh2QTPkE9oteOswe1cHG7X6Dl/view,✅ en precios,FRUTOS SECOS
1444,NUEZ CUARTOS EXTRA LIGHT,5 kg,,https://drive.google.com/file/d/1MB1Am7Flj0zouPjSJu6ujxHxUNpim0Fe/view,✅ en precios,FRUTOS SECOS
1445,NUEZ CUARTOS LIGHT,5 kg,,https://drive.google.com/file/d/1RyQfFCD3Rz7nBnh11Udnd-ziuNEtWWL-/view,✅ en precios,FRUTOS SECOS
4453,NUEZ DE BRASIL,5 kg,,https://drive.google.com/file/d/17a3w7qdy8D4B_Uqz2l__2mTjwdeG3his/view,✅ en precios,FRUTOS SECOS
1448,NUEZ MARIPOSA AMBAR,5 kg,,https://drive.google.com/file/d/1Im4LruDscpRkviLjvTdXNQ8hEC_BMGLa/view,✅ en precios,FRUTOS SECOS
1716,NUEZ MARIPOSA EXTRA LIGHT,5 kg,,https://drive.google.com/file/d/167aPKGseonfAupfKO_SlZyXf4KgRZuGN/view,✅ en precios,FRUTOS SECOS
1450,NUEZ MARIPOSA LIGHT,5 kg,,https://drive.google.com/file/d/1rjXARkriZMbrdSDNvJ7iOKfGBHxI-Pki/view,✅ en precios,FRUTOS SECOS
1451,NUEZ MOSCADA ENTERA,1 kg,,https://drive.google.com/file/d/1cnsk6mLfHOJqVApd28MQT1AKNt0PRNOW/view,✅ en precios,ESPECIAS
1452,NUEZ MOSCADA MOLIDA,1 kg,,https://drive.google.com/file/d/1eUcDhT0z9fB8vtXkXh15nPzu2iBvpF4W/view,✅ en precios,ESPECIAS
1455,OREGANO,1 kg,,https://drive.google.com/file/d/1yMf1m6G2q8Frzabb5BW8NKtODUA8obGd/view,✅ en precios,ESPECIAS
1670,PANKO,,,https://drive.google.com/file/d/1-WEuzI3iwOy7xxSoPW9YCPAbQGl56JKO/view,✅ en precios,HARINAS
2440,PASAS DE UVA CON SEMILLAS,10 kg,,https://drive.google.com/file/d/1Pu2D-RFY57UtSR3BJHr4uot2JKPFAj9Z/view,✅ en precios,DESHIDRATADOS
1955,PASAS MOROCHA FLAME SIN SEMILLA,10 kg,,https://drive.google.com/file/d/16DnWqgTXff5E0l4ItsA2jI9UNtPPwJjQ/view,✅ en precios,DESHIDRATADOS
4456,PASAS MOROCHAS JUMBO - ORIGEN CHILE,10 kg,,https://drive.google.com/file/d/1cKCSvqBSLd30SBGisx625jOeuSr9mCei/view,✅ en precios,DESHIDRATADOS
1461,PASAS RUBIA SIN SEMILLA,10 kg,,https://drive.google.com/file/d/1NechloJwourKBTRFWmgNSqLXsMQsz0n6/view,✅ en precios,DESHIDRATADOS
1462,PASTA ACEITUNAS CONDIMENTADAS X200 GR - AGROIANNI,12 unidades,,https://drive.google.com/file/d/1jOiziHD_BwjYP1CimsEZsR0NRp1oN2sD/view,✅ en precios,LINEA GOURMET
1463,PASTA ACEITUNAS NEGRAS X200 GR - AGROIANNI,12 unidades,,https://drive.google.com/file/d/1buCE3EFB7RkTuMG-ASjK3Nxg3q75DiIM/view,✅ en precios,LINEA GOURMET
1464,PASTA ACEITUNAS VERDES X200 GR - AGROIANNI,12 unidades,,https://drive.google.com/file/d/1rBrhMaOTZQDoRZ-mg8FcN1UNx6rqOFb2/view,✅ en precios,LINEA GOURMET
2330,PASTA ALCAUCILES X200 GR - ALCARAZ GOURMET,12 unidades,,https://drive.google.com/file/d/103xCCjjk6Kl0DKwRtjeLxxP-5U6ss4Nq/view,✅ en precios,LINEA GOURMET
1465,PASTA DE AJI PICANTE X90 GR - ALCARAZ GOURMET,12 unidades,,https://drive.google.com/file/d/1ohqcAqI8AL-EC5LjkeUkqDhABoAQveGT/view,✅ en precios,LINEA GOURMET
1468,PASTA DE AJO X200 GR - AGROIANNI,12 unidades,,https://drive.google.com/file/d/17Pgy7j7d1imNitgjwygMj7NeBAEpfqty/view,✅ en precios,LINEA GOURMET
1484,PEPINILLOS EN VINAGRE X2 KG - DURANG,2 unidades,,https://drive.google.com/file/d/1NkcD0kxKmz-4jevTmGonMUpMgRHGX0cG/view,✅ en precios,ENCURTIDOS
1483,PEPINILLOS EN VINAGRE X200 GR - DURANG,6 unidades,,https://drive.google.com/file/d/1nEelTmFJZrjqSq7p0EwbED2HusfWFMnl/view,✅ en precios,ENCURTIDOS
1485,PEPINOS AGRIDULCES X2 KG - DURANG,2 unidades,,https://drive.google.com/file/d/18oagYue8Sn9SILkvSuXkn6_RL50CEq1J/view,✅ en precios,ENCURTIDOS
1486,PEPINOS AGRIDULCES X200 GR - DURANG,6 unidades,,https://drive.google.com/file/d/1rbWPIrlmT8AXr8b8D_p3U6D4vzMWtX9m/view,✅ en precios,ENCURTIDOS
1488,PERAS WILLIAMS,5 kg,,https://drive.google.com/file/d/1G2SEtD_Q1ayam3utq_qterHqoY4_g2kP/view,✅ en precios,DESHIDRATADOS
1489,PEREJIL EN HOJAS,1 kg,,https://drive.google.com/file/d/1OeCEZFYqtxbq7SqE5DRfA2rSgTYv7CKG/view,✅ en precios,ESPECIAS
1495,PESTO,1 kg,,https://drive.google.com/file/d/1LJ1PlblZ5K8uEGN6YVmTJeQ0_-Osu_Xi/view,✅ en precios,ESPECIAS
1498,PICKLES EN GARRAFA X1 KG - DURANG,4 unidades,,https://drive.google.com/file/d/1V6zbXFjQ22ujxMeYxbFqHHjvV3vvmllH/view,✅ en precios,ENCURTIDOS
1500,PICKLES MIXTOS X2 KG - DURANG,2 unidades,,https://drive.google.com/file/d/1_EPfAb0zdTKvPLAhOvXG9PzGH7IH3G1n/view,✅ en precios,ENCURTIDOS
1501,PICKLES MIXTOS X200 GR - DURANG,6 unidades,,https://drive.google.com/file/d/107SDn-Azkil7saO8rw2P0EiAUr0waCpP/view,✅ en precios,ENCURTIDOS
1502,PIMENTON AHUMADO,1 kg,,https://drive.google.com/file/d/1g4iUJlyTNJDMWuReSIz7Zj1rFsvzBQHT/view,✅ en precios,ESPECIAS
1505,PIMENTON DULCE,1 kg,,https://drive.google.com/file/d/1lt0m49r-BrAum_Getg5jMBEsT0qczVoB/view,✅ en precios,ESPECIAS
1506,PIMENTON PICANTE,1 kg,,https://drive.google.com/file/d/1BN3SVwCyqDoexQPUthY_HdZHyE77FoKq/view,✅ en precios,ESPECIAS
1508,PIMIENTA BLANCA EN GRANO,1 kg,,https://drive.google.com/file/d/1T9Zn-xWhkudQKANj5snd4wP1DuH4YV6Z/view,✅ en precios,ESPECIAS
1510,PIMIENTA BLANCA MOLIDA,1 kg,,https://drive.google.com/file/d/1wkGfk3jIyIrwEE48vXAgvrg1Il2WZ1Fx/view,✅ en precios,ESPECIAS
1511,PIMIENTA CAYENA MOLIDA,1 kg,,https://drive.google.com/file/d/13TPC5vKbG93xfKC4XxPSvxTCn8sPwvuu/view,✅ en precios,ESPECIAS
1512,PIMIENTA NEGRA EN GRANO,1 kg,,https://drive.google.com/file/d/1tPjQrMloQfj3JjOhMasP_dlixSDPQjEJ/view,✅ en precios,ESPECIAS
1513,PIMIENTA NEGRA MOLIDA,1 kg,,https://drive.google.com/file/d/1hi7X5XMAir413dFUdW75r2zVda2Gq8O8/view,✅ en precios,ESPECIAS
1517,PIMIENTOS ENTEROS X200 GR - DURANG,6 unidades,,https://drive.google.com/file/d/1BhHbSJOybTW6hq41WT8IyXBoPsd2Bo5f/view,✅ en precios,ENCURTIDOS
1518,PIMIENTOS MORRONES X3 KG - DURANG,2 unidades,,https://drive.google.com/file/d/1f3fnLPdyCJgQxNvCt6a59KO5s4du8gic/view,✅ en precios,ENCURTIDOS
1522,PISTACHOS CON CASCARA,10 kg,,https://drive.google.com/file/d/1NN9wZhH-cezQ5-KsuvBegMHA2zb-MY1p/view,✅ en precios,FRUTOS SECOS
2369,PISTACHOS NATURALES SIN CASCARA,10 kg,,https://drive.google.com/file/d/1ao2TPp5bV6oht4e9lYmJGp2QLY5VMn9q/view,✅ en precios,FRUTOS SECOS
2092,POLEN,1 kg,,https://drive.google.com/file/d/15qo5QHuXyx3W1HpLWMH386b5KY2zWX80/view,✅ en precios,ESPECIAS
2348,POLVO PARA HORNEAR,1 kg,,https://drive.google.com/file/d/1GHmgiodbITLTxkJV3qFZXUV9Aadydfhl/view,✅ en precios,"AZUCAR, CACAO Y REPOSTERIA"
1523,POLVO PARA HORNEAR X50 GR - INDIAS,25 unidades,,https://drive.google.com/file/d/1w9damY3bRm1gvLHRwOXX9dDWA0HlenN0/view,✅ en precios,"AZUCAR, CACAO Y REPOSTERIA"
1525,POROTOS ALUBIA,1 kg,,https://drive.google.com/file/d/1I_F4e8zp0POt39Pd8VwSsuvbbykETqGh/view,✅ en precios,GRANOS Y LEGUMBRES
1526,POROTOS COLORADOS,1 kg,,https://drive.google.com/file/d/15OvvAj21joCbNLGkftgCNhSPaUNr220O/view,✅ en precios,GRANOS Y LEGUMBRES
1530,POROTOS CONDIM X200 GR - DURANG,6 unidades,,https://drive.google.com/file/d/1Rx-J6sU7eIk04R6Pbgus1eLIXr1qXILw/view,✅ en precios,ENCURTIDOS
1532,POROTOS DE SOJA,1 kg,,https://drive.google.com/file/d/1WSc31MWHh-HRvIhrvNhmmhAfTnd15B7E/view,✅ en precios,GRANOS Y LEGUMBRES
1527,POROTOS MANTECA,1 kg,,https://drive.google.com/file/d/1DOaTcIHDAnzRceH8hNaiC__obEZ0FIpk/view,✅ en precios,GRANOS Y LEGUMBRES
1528,POROTOS MUNG,1 kg,,https://drive.google.com/file/d/1qQ9AnZelzZYUf4oa9RO8rqrWZ0l0a-Zu/view,✅ en precios,GRANOS Y LEGUMBRES
1529,POROTOS NEGROS,1 kg,,https://drive.google.com/file/d/1icVRyx_qdajfilS1zIseAyhcHp8l1J2N/view,✅ en precios,GRANOS Y LEGUMBRES
1533,POROTOS PALLARES,1 kg,,https://drive.google.com/file/d/1A6IvTffQGWkXbA_df1BjG6PU1xfYzbtP/view,✅ en precios,GRANOS Y LEGUMBRES
2211,POTASIO + MAGNESIO X30 CAPSULAS - EL NATURALISTA,,,https://drive.google.com/file/d/1Iv5tdvKwOpKO6Rzz6TxKc_DMQcNaZe5y/view,✅ en precios,SUPLEMENTOS
1539,PREMEZCLA PARA PANIFICADOS SIN TACC X1 KG - GLUTAL,1 kg,,https://drive.google.com/file/d/1AArFpNAsJMiKaioobLq10nd2mYy-HhNU/view,✅ en precios,PRODUCTOS SIN TACC
1540,PREMEZCLA PARA PANIFICADOS SIN TACC X5 KG - GLUTAL,1 unidad,,https://drive.google.com/file/d/1EUOyd7zoogcfYInwtJx7TuNXGgfZP3z9/view,✅ en precios,PRODUCTOS SIN TACC
2221,PROPOLEO LIQUIDO X100 ML - EL NATURALISTA,,,https://drive.google.com/file/d/1_Y9tRfuTxV0SH6V-mCLQc_H47GIzLcIf/view,✅ en precios,SUPLEMENTOS
2085,PROPOLEO LIQUIDO X30 ML - EL NATURALISTA,,,https://drive.google.com/file/d/18LafPl_NSGjvQHQuVAvmmSlVx10E03Gv/view,✅ en precios,SUPLEMENTOS
1866,PROTEINA AISALDA DE SUERO,1 kg,,https://drive.google.com/file/d/1mkHwF-SGOcpl2meF3u4W6mGAGEiM3d7k/view,✅ en precios,SUPLEMENTOS
1545,PROVENZAL,1 kg,,https://drive.google.com/file/d/17w5cGRIkWOcIpmnEdmKbSDOrHGxvfLGp/view,✅ en precios,ESPECIAS
2420,PSYLLIUM MOLIDO,1 kg,,https://drive.google.com/file/d/1AIhso6Z-IePh_Kmsd43ueWbMnAKpgKDG/view,✅ en precios,INFUSIONES Y HIERBAS
2413,PSYLLIUM SEMILLA,1 kg,,https://drive.google.com/file/d/1u9qOS3GDbtdUIKydP8QlcVUcyd_8ah66/view,✅ en precios,SEMILLAS
1549,QUINOA INFLADA,1 kg,,https://drive.google.com/file/d/1qMBmu67kSyesq1C7FxsBaowJl7dUlj1m/view,✅ en precios,CEREALES
1551,QUINOA NACIONAL,1 kg,,https://drive.google.com/file/d/1xbAfHO6CojfLyNemnawXyxFYcfRzikWE/view,✅ en precios,SEMILLAS
1553,REBOZADOR SIN GLUTEN X500 GR - GLUTAL,30 unidades,,https://drive.google.com/file/d/1yReT-Turkk1tY0nHBeuvtKI0k9MbldWe/view,✅ en precios,PRODUCTOS SIN TACC
2168,REDUCTOR  X10 COMPRIMIDOS - EL NATURALISTA,,,https://drive.google.com/file/d/12YoRropKuis3u99GklU7H7xDfeiXtbfr/view,✅ en precios,SUPLEMENTOS
2212,RESVERATROL X30 COMPRIMIDOS - EL NATURALISTA,,,https://drive.google.com/file/d/1mj8CgaMA7ha8Jb3qESVj3K5loT7Uw2qJ/view,✅ en precios,SUPLEMENTOS
1555,ROMERO EN HOJAS,1 kg,,https://drive.google.com/file/d/1vWdRDWMaE8T2WSpKKShPlQdpYaPO0cWU/view,✅ en precios,ESPECIAS
2093,ROSA MOSQUETA,1 kg,,https://drive.google.com/file/d/18OKK-WOOndNz7Sp84C1DEdlvgKkXkL43/view,✅ en precios,INFUSIONES Y HIERBAS
1557,SAL DEL HIMALAYA FINA,1 kg,,https://drive.google.com/file/d/1U5PFIgWHbY67ysXa_lu9whBjqAT9YNRE/view,✅ en precios,ESPECIAS
1558,SAL DEL HIMALAYA GRUESA,10 kg,,https://drive.google.com/file/d/1vsKmt8U8fR6oF5KFcBFk_AxxLbc_ePAK/view,✅ en precios,ESPECIAS
1561,SAL MARINA FINA X500 GR - MACROZEN,10 unidades,,https://drive.google.com/file/d/1JW_l3VBVspy2lhVkPC9xuo1uDcrTRCEI/view,✅ en precios,ESPECIAS
1562,SAL MARINA GRUESA X500 GR - MACROZEN,10 unidades,,https://drive.google.com/file/d/13lLlZwl1jv7l5nCO7mFIrtPptQB-uJGa/view,✅ en precios,ESPECIAS
1687,SALSA AJI PICANTE X180 CC - ALCARAZ GOURMET,12 unidades,,https://drive.google.com/file/d/16NM2mXxE9wmmviLwe2JRjvbOGM1Em8wZ/view,✅ en precios,LINEA GOURMET
1564,SALSA BARBACOA X250 GR - ALCARAZ GOURMET,12 unidades,,https://drive.google.com/file/d/1bY8J4X9RrzR-JertLG3b3yZMD7JUkWmK/view,✅ en precios,LINEA GOURMET
1803,SALSA CESAR 250 GR - CASA DE LA TORRE,12 unidades,,https://drive.google.com/file/d/1Pq0cJ-1LSi77WGA6LA0oqOj_yIBOcqdy/view,✅ en precios,LINEA GOURMET
1566,SALSA CHIMICHURRI  X250 GR - CASA DE LA TORRE,12 unidades,,https://drive.google.com/file/d/1g7l76fCsTcA25IDMABNWD2haWKt-v9cS/view,✅ en precios,LINEA GOURMET
1571,SALSA DE SOJA X180 CC - ALCARAZ GOURMET,12 unidades,,https://drive.google.com/file/d/1PAn7aEWgCX6yH7pqg9NMjr3VaqWWthZM/view,✅ en precios,LINEA GOURMET
1572,SALSA INGLESA X180 CC - ALCARAZ GOURMET,12 unidades,,https://drive.google.com/file/d/1HDJpD8B9sGWVFgF4ceE_SwUCfGpcsoi7/view,✅ en precios,LINEA GOURMET
1720,SALSA JALAPEÑO AHUMADA X180 CC - ALCARAZ GOURMET,12 unidades,,https://drive.google.com/file/d/12ILZ8XNqWXJkP3_9pMAB3fhMup_FFwdU/view,✅ en precios,LINEA GOURMET
1573,SALSA JALAPEÑO ROJA X180 CC - ALCARAZ GOURMET,12 unidades,,https://drive.google.com/file/d/1asGGwtSe0cqp2XNIqImcedqdrNWeXWpa/view,✅ en precios,LINEA GOURMET
1683,SALSA JALAPEÑO VERDE X180 CC - ALCARAZ GOURMET,12 unidades,,https://drive.google.com/file/d/1q_Xb0TfIyGC8Fs3kssRQ3E8i4tnHKchE/view,✅ en precios,LINEA GOURMET
1575,SALSA TERIYAKI X250 CC - HASHI,12 unidades,,https://drive.google.com/file/d/1WWLAbPz_UE6xIEQB4dSwtnaR-wwH-cMX/view,✅ en precios,LINEA GOURMET
1576,SALVADO DE AVENA,1 kg,,https://drive.google.com/file/d/1gxl-jXMDRe0kmkcuWjjEXXrheLhg9U6B/view,✅ en precios,HARINAS
1577,SALVADO DE TRIGO GRUESO,1 kg,,https://drive.google.com/file/d/1AbCG045CpwUu-BfOTuehR_qQwmN132vx/view,✅ en precios,HARINAS
1578,SALVIA OFICINAL,1 kg,,https://drive.google.com/file/d/1RBHeg34x3pVw-4zJ2hDS3NssPDfNWUR2/view,✅ en precios,ESPECIAS
1581,SEMILLA DE AMAPOLA,1 kg,,https://drive.google.com/file/d/1VmZLiO-xIzIJJcpeVOJx_sRcZJYq5fDQ/view,✅ en precios,SEMILLAS
1582,SEMILLA DE AMARANTO,1 kg,,https://drive.google.com/file/d/1JFohlL9RQLyNqujV-it2FAN3OD0FABCz/view,✅ en precios,SEMILLAS
1583,SEMILLA DE CHIA NACIONAL,1 kg,,https://drive.google.com/file/d/1ME-FslO5MCT0b8zxrAYYO5qBSABwoups/view,✅ en precios,SEMILLAS
1585,SEMILLA DE GIRASOL,1 kg,,https://drive.google.com/file/d/1Y2JjGos7sMWgM_HE8pv4kckC4Gm2IqOf/view,✅ en precios,SEMILLAS
1586,SEMILLA DE LINO,1 kg,,https://drive.google.com/file/d/14TN7hReQdbtp9qOxRIZDajh3uQjWgeRa/view,✅ en precios,SEMILLAS
1587,SEMILLA DE ZAPALLO PELADO,1 kg,,https://drive.google.com/file/d/1U5Jqu_LvImJMk1FQxUZXFHfBOJTdhqU3/view,✅ en precios,SEMILLAS
2433,SEMILLAS DE HINOJO,1 kg,,https://drive.google.com/file/d/1Q-J9P0hyb1Q5NK7fmVh0yzhgr96_wTFZ/view,✅ en precios,SEMILLAS
1588,SEMOLIN DE TRIGO,1 kg,,https://drive.google.com/file/d/1UtsX5YjWXAu07-Ed6gveeJzohaxkneVS/view,✅ en precios,HARINAS
2036,SEN FOLICULOS,1 kg,,https://drive.google.com/file/d/19T4_7nhaSN6JcAR447q1uvSRrtE5loBM/view,✅ en precios,INFUSIONES Y HIERBAS
2322,SEN HOJAS,1 kg,,https://drive.google.com/file/d/1zoARS7yr2QEKuw66reNksJfVez2hGLzK/view,✅ en precios,INFUSIONES Y HIERBAS
1589,SESAMO BLANCO,1 kg,,https://drive.google.com/file/d/1TJo2uLiPOEgZOATf1wO0JB8z1RnxEHAE/view,✅ en precios,SEMILLAS
1591,SESAMO NEGRO,1 kg,,https://drive.google.com/file/d/1Swj7aBCK-fyxBsGtSTDo_lgi458DsdBK/view,✅ en precios,SEMILLAS
2256,SPIRULINA EN POLVO,1 kg,,https://drive.google.com/file/d/1ktsbe9gmYR1zGy8DuAivVOPRlXLpesy6/view,✅ en precios,SUPLEMENTOS
2178,STEVIA HOJAS,1 kg,,https://drive.google.com/file/d/1yd4cyD-09--TFiv5cH6A5pKpTQjhS8tC/view,✅ en precios,"AZUCAR, CACAO Y REPOSTERIA"
2035,TE DE BURRO,1 kg,,https://drive.google.com/file/d/1RiJGOAj0VKXh4r0dJ_fIwDkjP96BM_Gu/view,✅ en precios,INFUSIONES Y HIERBAS
1618,TE NEGRO,1 kg,,https://drive.google.com/file/d/1dGOBaewCvDdS7hQePJAAS1_3kdO8K0v-/view,✅ en precios,INFUSIONES Y HIERBAS
1619,TE ROJO,1 kg,,https://drive.google.com/file/d/12_ZoGdYCPG1kIPt7Oo0POqHTiytwW_gF/view,✅ en precios,INFUSIONES Y HIERBAS
2048,TE VERDE,1 kg,,https://drive.google.com/file/d/1l7WWaMGL6b7nDuwFaqv24_5PQrOKyDmY/view,✅ en precios,INFUSIONES Y HIERBAS
1621,TEXTURIZADO DE SOJA,1 kg,,https://drive.google.com/file/d/1D_fGjQywNcrZ896fGjFIfLXKj1JpPWF4/view,✅ en precios,HARINAS
2347,TILO EN HOJAS,1 kg,,https://drive.google.com/file/d/1yOXQb7t0d69ngQzo9QPaOE4WK8HJlkIs/view,✅ en precios,INFUSIONES Y HIERBAS
1630,TOMATE CONDIMENTADO X1 KG - VALLE DE LAS REINAS,6 unidades,,https://drive.google.com/file/d/16ZKyNcd8si7dN1PdrgmKfPOvPb2wQSG8/view,✅ en precios,TOMATE TRITURADO
1632,TOMATE SECOS,5 kg,,https://drive.google.com/file/d/10_jDExoNlrLxBgITNPWTHv_6tajstWsy/view,✅ en precios,DESHIDRATADOS
1625,TOMATE TRITURADO 12 X 500 CC - DON FRANCISCO,1 pack,,https://drive.google.com/file/d/19-R8DMiDXgHLFyC3iTJpTo9RsWhJvg5s/view,✅ en precios,TOMATE TRITURADO
1626,TOMATE TRITURADO 8 X 1 KG - DON FRANCISCO,1 pack,,https://drive.google.com/file/d/18UkJBSHjjOhN6JCT4K9NstlgUQLwVxIl/view,✅ en precios,TOMATE TRITURADO
1633,TOMILLO,1 kg,,https://drive.google.com/file/d/1a0m5cEXMmOz7pkmjj4Gyw95hUopWYwxt/view,✅ en precios,ESPECIAS
1634,TRIGO BURGOL,1 kg,,https://drive.google.com/file/d/1bcYWDQeqjGLrFWmRftGMapjTeuJ89R0m/view,✅ en precios,GRANOS Y LEGUMBRES
2379,TRIGO CANDEAL,1 kg,,https://drive.google.com/file/d/1k2lT_oL_YoF81ZC1gvn0mXfkcQurGcKF/view,✅ en precios,GRANOS Y LEGUMBRES
2367,TRIGO SARRACENO PELADO,1 kg,,https://drive.google.com/file/d/1mUfPE1S7xgGq18HrwJEpXdThK7MXlrnY/view,✅ en precios,GRANOS Y LEGUMBRES
1635,TUTUCAS CON AZUCAR,1 kg,,https://drive.google.com/file/d/1hF12REdli5qnypdctorBmKVdPaKIP08A/view,✅ en precios,CEREALES
2175,VALERIANA X10 COMPRIMIDOS - EL NATURALISTA,,,https://drive.google.com/file/d/115lp6NWTavctF6OVKOnt9x3yK3IiiUFF/view,✅ en precios,SUPLEMENTOS
1637,VINAGRE DE ALCOHOL X 1 L - CAMINITO,12 unidades,,https://drive.google.com/file/d/1ptZ3fLsM7tCWMSAydBBK--WkVZ2mdals/view,✅ en precios,ACEITES Y VINAGRES
1638,VINAGRE DE MANZANA X1 L - CAMINITO,12 unidades,,https://drive.google.com/file/d/1Fs4XLnu7JdWHpLsF-6X7zhnfFyVAQp1s/view,✅ en precios,ACEITES Y VINAGRES
1639,VINAGRE DE VINO X1 L - CAMINITO,12 unidades,,https://drive.google.com/file/d/1yHwikOO8DfT2iRsVUjIG1jg68yrIPabq/view,✅ en precios,ACEITES Y VINAGRES
2213,VITAMINA B12 X30 COMPRIMIDOS - EL NATURALISTA,,,https://drive.google.com/file/d/11_XAlYVgZM3fumXDJXiSGTq2aGJ9SVYd/view,✅ en precios,SUPLEMENTOS
2311,VITAMINA C X60 COMPRIMIDOS - EL NATURALISTA,,,https://drive.google.com/file/d/1NrBm8NMhPYTr-Hb6q8Ve-oEMxPBUb5dr/view,✅ en precios,SUPLEMENTOS
2083,VITAMINA E X10 COMPRIMIDOS - EL NATURALISTA,,,https://drive.google.com/file/d/1weRPLU43kGxL6auIAANb-XtdqE7F17Je/view,✅ en precios,SUPLEMENTOS
2033,YERBA DEL PLATERO,1 kg,,https://drive.google.com/file/d/1lmaTBTwKRx4zmpoMnZZGy7w2-O7bR5rB/view,✅ en precios,INFUSIONES Y HIERBAS
2043,YERBA MATE DESPALADA - KALENA,10 kg,,https://drive.google.com/file/d/15EJULhDDOgD32LXhlB-NEZNFxiob_PfO/view,✅ en precios,INFUSIONES Y HIERBAS
1655,ZAPALLO EN ALMIBAR X3.8 KG - MUPAY,2 unidades,,,✅ en precios,"DULCES, MIEL Y CHOCOLATES"
1656,ZAPALLO EN ALMIBAR X360 GR - MUPAY,12 unidades,,https://drive.google.com/file/d/1o94OU9WC3fRCpzE3YSs4BGzvAWi8Vd1H/view,✅ en precios,"DULCES, MIEL Y CHOCOLATES"
1657,ZAPALLO EN ALMIBAR X850 GR - MUPAY,12 unidades,,,✅ en precios,"DULCES, MIEL Y CHOCOLATES"
2079,ZINC X 30 COMPRIMIDOS - EL NATURALISTA,,,https://drive.google.com/file/d/1aeTTL6PsbNFHvzZWpXgTZ6Y4mb8Hap9C/view,✅ en precios,SUPLEMENTOS
4463,AJO NEGRO,1 KG,,https://drive.google.com/file/d/1lHJ3wzAOnPBQRXp0BF1U4iiSRqkHmQro/view,✅ en precios,DESHIDRATADOS
4464,TOMATES DESECADOS CONDIMENTADOS X330 GR- AGROIANNI,PACK X 12 UND,,https://drive.google.com/file/d/1i9lz84-8WMdnsX_9ddeyBvGMapvnfsxP/view,✅ en precios,ENCURTIDOS
5044,MANZANILLA IMPORTADA,,,https://drive.google.com/file/d/1L6DE-kS8DdyzVqNfsNGErBmOR4jwCai9/view,❌ no está en precios,
1636,TUTUCAS SIN AZUCAR X KG,5 kg,,https://drive.google.com/file/d/1ssnRXWRHhOyxkgKCyeSYK4o-f34Shh0d/view,✅ en precios,CEREALES