,,Rubro,Artículo,Nombre,Bt.LISTA 1,Patente
,,ACEITES Y VINAGRES,2265,"ACEITE COCO NEUTRO ENTRENUTS SIN TACC"" x 200""","4.070,00",12 unid.
,,ACEITES Y VINAGRES,2141,"ACEITE COCO NEUTRO ENTRENUTS SIN TACC"" x 360 G""","6.180,00",12 unid.
,,ACEITES Y VINAGRES,2142,"ACEITE COCO VIRGEN ENTRENUTS SIN TACC"" X 200 g""","6.970,00",12 unid.
,,ACEITES Y VINAGRES,2266,"ACEITE COCO VIRGEN ENTRENUTS SIN TACC"" X 360 g""","12.950,00",12 unid.
,,ACEITES Y VINAGRES,1011,ACEITE DE OLIVA  1 L PANNOCCHIA,"18.600,00",6 unid.
,,ACEITES Y VINAGRES,1012,ACEITE DE OLIVA  1 L VID. LAUR,"20.980,00",6 unid.
,,ACEITES Y VINAGRES,1008,ACEITE DE OLIVA  R.V X 3 L,"43.880,00",4 unid.
,,ACEITES Y VINAGRES,1002,ACEITE DE OLIVA  X 500 CC LAUR,"10.490,00",6 unid.
,,ACEITES Y VINAGRES,1013,ACEITE DE OLIVA 1/2 L VID. PANNOCCHIA,"11.480,00",6 unid.
,,ACEITES Y VINAGRES,1009,ACEITE DE OLIVA EV R.V 500 CC,"9.130,00",6 unid.
,,ACEITES Y VINAGRES,1010,ACEITE DE OLIVA EV R.V 900 CC,"15.130,00",6 unid.
,,ACEITES Y VINAGRES,1014,ACEITE DE OLIVA EV X 5 L PANNOCCHIA,"88.720,00",2 unid.
,,ACEITES Y VINAGRES,1908,ACEITE DE OLIVA X 3 L VERDE OLIVA,"13.750,00",3 unid.
,,ACEITES Y VINAGRES,1007,ACEITE DE OLIVA X 5 L R.V.,"72.500,00",1 unid.
,,ACEITES Y VINAGRES,1894,ACEITE DE OLIVA X 900ML VERDE OLIVA,"4.380,00",10 unid.
,,ACEITES Y VINAGRES,2119,ACEITE OLIVA X 500 PET VERDE OLIVA ,"2.820,00",20 unid.
,,ACEITES Y VINAGRES,1909,ACEITEDE OLIVA X 5 L VERDE OLIVA,"21.880,00",1 unid.
,,ACEITES Y VINAGRES,1064,"ACETO BALSAMICO 500 CC PET CRISTO DE LOS CERROS""""","3.830,00",12 unid.
,,ACEITES Y VINAGRES,2416,ACETO BALSAMICO MILLAN X 250,"6.800,00",6 unid.
,,ACEITES Y VINAGRES,1066,"ACETO REDUCCIÓN X 500 CC RECETAS DE ENTONCES""""","7.050,00",12 unid.
,,ACEITES Y VINAGRES,1637,VINAGRE DE ALCOHOL X 1 L,"1.140,00",12 unidades
,,ACEITES Y VINAGRES,1638,VINAGRE DE MANZANA X 1 L,"2.190,00",12 unidades
,,ACEITES Y VINAGRES,1639,VINAGRE DE VINO X 1 L,"1.370,00",12 unidades
,,ACEITUNAS,1018,ACEITUNAS DESC VALLE DE LAS REINAS. X 5 KG ,"28.630,00",1 unid.
,,ACEITUNAS,1020,ACEITUNAS DESCAROZADAS DURANG X 1 KG,"9.130,00",4 unid.
,,ACEITUNAS,1021,ACEITUNAS FILETEADAS DURANG X 1 KG.,"9.590,00",4 unid.
,,ACEITUNAS,1023,ACEITUNAS FILETEADAS VALLE DE LAS REINAS 4 KG,"28.350,00",1 unid.
,,ACEITUNAS,1024,ACEITUNAS GRIEGAS R.V X 1 KG,"10.880,00",4 unid.
,,ACEITUNAS,1025,ACEITUNAS GRIEGAS R.V X 1/2 KG,"7.500,00",6 unid.
,,ACEITUNAS,1030,ACEITUNAS NEGRAS DESC. DURANG X 5 KG.,"39.910,00",1 unid.
,,ACEITUNAS,2443,ACEITUNAS NEGRAS DESCAROZADAS DURANG X 3 KG,"23.800,00",1 unid.
,,ACEITUNAS,1032,ACEITUNAS NEGRAS DURANG X 1 KG.,"8.510,00",1 unid.
,,ACEITUNAS,1026,ACEITUNAS NEGRAS DURANG X 5 KG Nº 0,"48.060,00",1 unid.
,,ACEITUNAS,1028,ACEITUNAS NEGRAS DURANG X 5 KG Nº 1,"37.760,00",1 unid.
,,ACEITUNAS,1031,ACEITUNAS NEGRAS FILET. DURANG X 5 KG.,"39.120,00",1 unid.
,,ACEITUNAS,1033,ACEITUNAS RELL.  C/ ALMENDRAS AGROIANNI X 330 GR.,"6.130,00",12 unid.
,,ACEITUNAS,1034,ACEITUNAS RELL. DURANG X 1 KG.,"12.800,00",4 unid.
,,ACEITUNAS,1036,ACEITUNAS RELL. DURANG X 200 GR,"3.840,00",6 unid.
,,ACEITUNAS,1037,ACEITUNAS RELL. SURTIDAS AGROIANNI X 330 GR.,"5.750,00",12 unid.
,,ACEITUNAS,1038,ACEITUNAS VERDES DURANG N°0 X 5 KG ,"43.820,00",1 unid.
,,ACEITUNAS,1040,ACEITUNAS VERDES DURANG Nº 1 X 5 KG,"38.930,00",1 unid.
,,ACEITUNAS,1043,ACEITUNAS VERDES R.V X 1 KG Nº 00,"9.630,00",4 unid.
,,ACEITUNAS,1044,ACEITUNAS VERDES R.V X 1 KG Nº0,"8.630,00",4 unid.
,,ACEITUNAS,1045,ACEITUNAS VERDES R.V X 1 KG Nº1,"7.500,00",4 unid.
,,ACEITUNAS,1049,ACEITUNAS VERDES R.V X 1/2 KG Nº 00,"6.250,00",6 unid.
,,ACEITUNAS,1050,ACEITUNAS VERDES R.V X 1/2 KG Nº 1,"4.250,00",6 unid.
,,ACEITUNAS,1051,ACEITUNAS VERDES R.V X 1/2 KG Nº0,"5.000,00",6 unid.
,,ACEITUNAS,1056,ACEITUNAS VERDES R.V X 5 KG N°0,"30.630,00",1 unid.
,,ACEITUNAS,1058,ACEITUNAS VERDES R.V X 5 KG Nº1,"23.250,00",1 unid.
,,ACEITUNAS,1059,ACEITUNAS VERDES R.V X 5 KG Nº2,"20.630,00",1 unid.
,,"AZUCAR, CACAO Y REPOSTERIA",1140,AZUCAR IMPALPABLE X KG.,"2.760,00",1 kg
,,"AZUCAR, CACAO Y REPOSTERIA",1141,AZUCAR MASCABO X KG,"6.540,00",1 kg
,,"AZUCAR, CACAO Y REPOSTERIA",1142,AZUCAR NEGRA X KG.,"2.610,00",1 kg
,,"AZUCAR, CACAO Y REPOSTERIA",1163,CACAO AMARGO DE BRASIL X KG,"26.300,00",1 kg
,,"AZUCAR, CACAO Y REPOSTERIA",1178,CASCARILLA DE CACAO X KG.,"5.590,00",1 kg
,,"AZUCAR, CACAO Y REPOSTERIA",1211,COCO EN ESCAMAS X KG,"18.310,00",1 kg
,,"AZUCAR, CACAO Y REPOSTERIA",1212,COCO RALLADO X KG.,"10.620,00",1 kg
,,"AZUCAR, CACAO Y REPOSTERIA",1263,"ESENCIA ARTIFICIAL DE VAINILLA X 100 CC INDIAS"" """,850,12 unidades
,,"AZUCAR, CACAO Y REPOSTERIA",1523,POLVO PARA HORNEAR X 50 g ,350,25 unidades
,,"AZUCAR, CACAO Y REPOSTERIA",2348,POLVO PARA HORNEAR X KG,"4.240,00",1 kg
,,"AZUCAR, CACAO Y REPOSTERIA",2178,STEVIA HOJAS X KG,"23.070,00",1 kg
,,BEBIDAS,1322,JUGO ARAND C/ CHIA X 1.5 LT,"2.920,00",6 unidades
,,BEBIDAS,1323,"JUGO DE ARAND C/ STEVIA X 1,5 LTS.","2.920,00",6 unidades
,,BEBIDAS,1324,"JUGO DE ARANDANOS X 1,5 LTS.","2.920,00",6 unidades
,,BEBIDAS,1325,"JUGO DE LIM, MENTA Y JENG X 1,5 LTS.","2.920,00",6 unidades
,,BEBIDAS,1727,LECHE DE COCO EN POLVO X KG,"26.080,00",1 kg
,,CEREALES,1114,ALMOHADITAS 2 SALVADO X KG.,"5.310,00",1.5 kilos.
,,CEREALES,1115,ALMOHADITAS CHOCOLATE X KG.,"8.510,00",2.5 kilos.
,,CEREALES,1117,ALMOHADITAS FRUTILLA X KG.,"7.930,00",2.5 kilos
,,CEREALES,1118,ALMOHADITAS LIMON X KG.,"7.930,00",2.5 kilos.
,,CEREALES,1121,ANILLOS DE AVENA Y MIEL X KG.,"7.200,00",2.5 kilos.
,,CEREALES,1122,ANILLOS FRUTADOS X KG.,"6.480,00",2.5 kilos.
,,CEREALES,1135,AVENA ARROLLADA GRUESA X KG,"2.640,00",1 kg
,,CEREALES,1136,AVENA INSTANTÁNEA X KG,"2.550,00",1 kg
,,CEREALES,1137,AVENA TRADICIONAL X KG.,"2.550,00",1 kg
,,CEREALES,1147,BASTONCITO SALVADO TRIGO Y AVENA X KG.,"6.380,00","2,5 kg"
,,CEREALES,1155,BOLITAS DE CHOCOLATE X KG.,"7.300,00","2,5 kg"
,,CEREALES,1228,COPOS DE MAIZ C/AZUCAR X KG,"3.230,00","2,5 kg"
,,CEREALES,1229,COPOS DE MAIZ X KG.,"2.810,00","2,5 kg"
,,CEREALES,1912,GRANOLA CON CHOCO X KG,"6.500,00",1 kg
,,CEREALES,1286,"GRANOLA MIX BERRIES KOS"" X KG""","8.810,00",1 kg
,,CEREALES,1287,"GRANOLA MIX ENERGETICA KOS"" X KG""","8.810,00",1 kg
,,CEREALES,1897,GRANOLA MIX SIN PASAS X KG,"5.340,00",1 kg
,,CEREALES,1289,"GRANOLA MIX TROPICAL KOS"" X KG""","8.810,00",1 kg
,,CEREALES,1911,GRANOLA TRADICIONAL X KG,"5.490,00",1 kg
,,CEREALES,1549,QUINOA INFLADA X KG.,"10.440,00",1 kg
,,CEREALES,1635,TUTUCAS CON AZUCAR X KG,"4.040,00",1 kg
,,CEREALES,1636,TUTUCAS SIN AZUCAR X KG,"4.000,00",5 kg
,,DESHIDRATADOS,4463,AJO NEGRO X KG,"31.500,00",1 KG
,,DESHIDRATADOS,1127,ARANDANOS DESHIDRATADOS X KG,"18.130,00",11.34
,,DESHIDRATADOS,1202,CHIPS DE BANANA X KG,"10.800,00","6,8 kg"
,,DESHIDRATADOS,1206,CIRUELA PRESIDENTE X KG.,"13.200,00",5 kg
,,DESHIDRATADOS,1207,CIRUELAS D`AGEN C/CAROZO X KG,"7.880,00",10 kg
,,DESHIDRATADOS,1208,CIRUELAS TIERNIZADAS S/C X KG,"9.800,00",5 kg
,,DESHIDRATADOS,1242,DATILES DE EGIPTO C/C X KG,"8.960,00",1 kg
,,DESHIDRATADOS,1271,FRUTA ESCURRIDA X KG,"4.320,00",10 kg
,,DESHIDRATADOS,1272,FRUTA GLASEADA X KG,"10.520,00",2 kg
,,DESHIDRATADOS,1954,FRUTA MULTICOLOR X KG,"7.440,00",10 kg
,,DESHIDRATADOS,1273,FRUTILLA GLASEADA X KG,"26.180,00",1 kg
,,DESHIDRATADOS,1311,HIGOS TIERNIZADOS X KG,"12.150,00",5 kg
,,DESHIDRATADOS,1319,JENGIBRE GLASEADO X KG,"17.720,00",1 kg
,,DESHIDRATADOS,1394,MEDALLONES DURAZ.  X KG,"12.940,00",5 kg
,,DESHIDRATADOS,2440,PASAS DE UVA CEREZA CON SEMILLA X KG,"1.880,00",10 kg
,,DESHIDRATADOS,1955,PASAS MOROCHAS FLAME S/SEM X KG,"3.000,00",10 kg
,,DESHIDRATADOS,4456,PASAS MOROCHAS JUMBO - ORIGEN CHILE,"4.700,00",10 kg
,,DESHIDRATADOS,1461,PASAS RUBIA SIN SLLA X KG,"7.250,00",10 kg
,,DESHIDRATADOS,1488,PERAS WILLIAMS X KG,"14.250,00",5 kg
,,DESHIDRATADOS,1632,TOMATE SECOS X KG,"13.750,00",5 kg
,,"DULCES, MIEL Y CHOCOLATES",1129,ARROPE DE CHAÑAR X 600 GR,"5.190,00",12 unidades
,,"DULCES, MIEL Y CHOCOLATES",1130,ARROPE DE TUNA X 600 GR,"3.980,00",12 unidades
,,"DULCES, MIEL Y CHOCOLATES",1244,DULCE DE ALCAYOTA X 500 GR,"2.250,00",12 unidades
,,"DULCES, MIEL Y CHOCOLATES",1254,DULCE DE MEMBRILLO X 1 KG,"4.500,00",1 unidad 
,,"DULCES, MIEL Y CHOCOLATES",1255,DULCE DE MEMBRILLO X 5 KG,"13.130,00",1 unidad
,,"DULCES, MIEL Y CHOCOLATES",1253,DULCE DE MEMBRILLO X 500 GR,"4.410,00",20 unidades
,,"DULCES, MIEL Y CHOCOLATES",1276,GARRAPIÑADA DE MANI X KG,"7.190,00",1 kg
,,"DULCES, MIEL Y CHOCOLATES",1308,"HIGOS EN ALMIBAR X 3,8 KG","35.550,00",2 unidades
,,"DULCES, MIEL Y CHOCOLATES",1309,HIGOS EN ALMIBAR X 450 GR,"4.560,00",12 unidades
,,"DULCES, MIEL Y CHOCOLATES",1310,HIGOS EN ALMIBAR X 850 GR,"8.190,00",12 unidades
,,"DULCES, MIEL Y CHOCOLATES",1406,"MIEL DE ABEJA X 1 kg MONTE NATURAL"" - JALEA""","5.250,00",12 unidades
,,"DULCES, MIEL Y CHOCOLATES",1408,"MIEL DE ABEJA X 250 g MONTE NATURAL"" - JALEA""","2.340,00",24 unidades
,,"DULCES, MIEL Y CHOCOLATES",1410,"MIEL DE ABEJA X 500 g MONTE NATURAL"" - JALEA""","3.360,00",24 unidades
,,"DULCES, MIEL Y CHOCOLATES",1655,"ZAPALLO EN ALMIBAR X 3,8 KG","29.820,00",2 unidades
,,"DULCES, MIEL Y CHOCOLATES",1656,ZAPALLO EN ALMIBAR X 360 g,"4.320,00",12 unidades
,,"DULCES, MIEL Y CHOCOLATES",1657,ZAPALLO EN ALMIBAR X 850 G,"6.120,00",12 unidades
,,ENCURTIDOS,1067,ADEREZO  DE PICKLES DURANG X 200 GR.,"3.040,00",6 unid.
,,ENCURTIDOS,4451,AGRIDULCE DE VEGETALES DURANG X 200,"3.780,00",6 unid.
,,ENCURTIDOS,1081,AJIES DULCES DURANG X 1 KG,"18.720,00",2 unid.
,,ENCURTIDOS,1082,AJIES DULCES DURANG X 110 GR,"3.070,00",6 unid.
,,ENCURTIDOS,1083,AJIES PICANTES DURANG X 1 KG,"18.720,00",2 unid.
,,ENCURTIDOS,1084,AJIES PICANTES DURANG X 110 GR,"3.070,00",6 unid.
,,ENCURTIDOS,1100,"ALCAPARRAS CRISTO DE LOS CERROS"" X 100 GR""","5.710,00",12 unid.
,,ENCURTIDOS,2434,"ALCAPARRAS CRISTO DE LOS CERROS"" X 500""","12.280,00",12 unid.
,,ENCURTIDOS,1150,BERENJENAS CONDIM.X 200 GR,"3.660,00", 6 unidades
,,ENCURTIDOS,1185,CEBOLLITAS EN VINAGRE X 330 GR,"3.850,00",6 unidades
,,ENCURTIDOS,1204,CHUCRUT X 600 GR,"7.560,00",6 unidades
,,ENCURTIDOS,1101,CORAZON DE  ALCAUCIL CONDIM X 330 GR,"7.500,00",6 unidades
,,ENCURTIDOS,1230,CORAZONES DE ALCAUCIL X 300 GR,"6.750,00",6 unidades
,,ENCURTIDOS,1264,ESPARRAGOS X 250 GR,"7.050,00",12 unidades
,,ENCURTIDOS,1483,"PEPINILLOS EN VIN. X 200 g DURANG""""","3.340,00",6 unidades
,,ENCURTIDOS,1484,"PEPINILLOS EN VINAGRE X 2 kg DURANG""""","20.930,00",2 unidades
,,ENCURTIDOS,1486,"PEPINOS AGRID X 200 g DURANG""""","3.560,00",6 unidades
,,ENCURTIDOS,1485,"PEPINOS AGRIDULCES X 2 kg DURANG""""","16.240,00",2 unidades
,,ENCURTIDOS,1498,PICKLES GARRAFA X 1 KG.,"7.140,00",4 unidades
,,ENCURTIDOS,1500,PICKLES MIXTOS X 2 KG,"16.600,00",2 unidades
,,ENCURTIDOS,1501,PICKLES MIXTOS X 200 GR,"2.520,00",6 unidades
,,ENCURTIDOS,1517,"PIMIENTOS MORRONES X 200 g DURANG""""","3.940,00",6 unidades
,,ENCURTIDOS,1518,"PIMIENTOS MORRONES X 3 KG DURANG""""","29.040,00",2 unidades
,,ENCURTIDOS,1530,"POROTOS CONDIMENTADOS  X 200 g DURANG""""","3.110,00",6 unidades
,,ENCURTIDOS,4464,TOMATES SECOS AGROIANI X 330,"5.630,00",PACK X 12 UND
,,ESPECIAS,1068,ADOBO PARA PIZZA X KG.,"8.130,00",1 kg
,,ESPECIAS,1079,AJI MOLIDO FINO X KG.,"7.590,00",1 kg
,,ESPECIAS,1085,AJO EN POLVO,"5.240,00",1 kg
,,ESPECIAS,1088,AJO GRANULADO X KG.,"11.410,00",1 kg
,,ESPECIAS,1099,ALBAHACA EN HOJAS X KG,"7.110,00",1 kg
,,ESPECIAS,1123,ANIS EN GRANO X KG.,"9.620,00",1 kg
,,ESPECIAS,1124,ANIS ESTRELLADO X KG.,"49.240,00",1 kg
,,ESPECIAS,1138,AZAFRAN ESPAÑOL X CAPSULA.,"2.780,00",10 unidades
,,ESPECIAS,1151,BICARBONATO DE SODIO X 50 GR,"270,00",25 unidades
,,ESPECIAS,2089,BICARBONATO DE SODIO X KG,"2.420,00",1 kg
,,ESPECIAS,1167,CANELA EN RAMA X KG,"60.310,00",1 kg
,,ESPECIAS,1168,CANELA MOLIDA X KG.,"11.910,00",1 kg
,,ESPECIAS,1176,CARDAMOMO X KG.,"122.800,00",1 kg
,,ESPECIAS,1182,CEBOLLA EN ESCAMAS X KG.,"9.310,00",1 kg
,,ESPECIAS,1201,CHIMICHURRI X KG.,"9.300,00",1 kg
,,ESPECIAS,1209,CLAVO DE OLOR ENTERO X KG.,"45.740,00",1 kg
,,ESPECIAS,1214,COMINO MOLIDO X KG.,"9.860,00",1 kg
,,ESPECIAS,1219,CONDIMENTO PARA ARROZ X KG,"9.350,00",1 kg
,,ESPECIAS,1236,CURCUMA MOLIDA X KG,"8.330,00",1 kg
,,ESPECIAS,1239,CURRY X KG,"10.730,00",1 kg
,,ESPECIAS,1270,FINAS HIERBAS X KG.,"13.170,00",1 kg
,,ESPECIAS,1702,GELATINA SIN SABOR X KG,"17.570,00",1 kg
,,ESPECIAS,1314,HONGOS SECOS X KG,"37.780,00",1 kg
,,ESPECIAS,1320,JENGIBRE MOLIDO X KG.,"12.410,00",1 kg
,,ESPECIAS,1333,JULIANA SIN PAPA X KG,"13.240,00",1 kg
,,ESPECIAS,1350,LAUREL EN HOJAS X KG.,"21.360,00",1 kg
,,ESPECIAS,1360,LEVADURA DE CERVEZA NUTRICIONAL X KG,"8.600,00",1 kg
,,ESPECIAS,1363,MACA EN POLVO X KG.,"17.250,00",1 kg
,,ESPECIAS,1418,MIX  4 PIMIENTAS,"39.120,00",1 kg
,,ESPECIAS,1436,MOSTAZA EN GRANOS X KG,"6.380,00",1 kg
,,ESPECIAS,1451,NUEZ MOSCADA ENTERA X KG,"38.310,00",1 kg
,,ESPECIAS,1452,NUEZ MOSCADA MOLIDA X KG.,"16.530,00",1 kg
,,ESPECIAS,1455,OREGANO  KG.,"6.900,00",1 kg
,,ESPECIAS,1489,PEREJIL EN HOJAS X KG.,"10.590,00",1 kg
,,ESPECIAS,1495,PESTO X KG,"8.720,00",1 kg
,,ESPECIAS,1502,PIMENTON AHUMADO X KG,"8.520,00",1 kg
,,ESPECIAS,1505,PIMENTON EXTRA X KG,"8.430,00",1 kg
,,ESPECIAS,1506,PIMENTÓN PICANTE X KG,"8.120,00",1 kg
,,ESPECIAS,1508,PIMIENTA BLANCA EN GRANO X KG,"38.940,00",1 kg
,,ESPECIAS,1510,PIMIENTA BLANCA MOLIDA X KG,"39.520,00",1 kg
,,ESPECIAS,1511,PIMIENTA CAYENA MOLIDA X KG.,"9.370,00",1 kg
,,ESPECIAS,1512,PIMIENTA NEGRA EN GRANO X KG.,"21.830,00",1 kg
,,ESPECIAS,1513,PIMIENTA NEGRA MOLIDA X KG,"25.500,00",1 kg
,,ESPECIAS,2092,POLEN X KG,"19.250,00",1 kg
,,ESPECIAS,1545,PROVENZAL X KG.,"12.080,00",1 kg
,,ESPECIAS,1555,ROMERO EN HOJAS X KG.,"11.030,00",1 kg
,,ESPECIAS,1557,SAL DEL HIMALAYA FINA X 1 KG,"3.310,00",1 kg
,,ESPECIAS,1558,SAL DEL HIMALAYA GRUESA X KG,"4.010,00",10 kg
,,ESPECIAS,1561,"SAL MARINA FINA X 500 g MACROZEN""""","2.200,00",10 unidades
,,ESPECIAS,1562,"SAL MARINA GRUESA X 500 g MACROZEN""""","2.180,00",10 unidades
,,ESPECIAS,1578,SALVIA OFICINAL X KG.,"12.850,00",1 kg
,,ESPECIAS,1633,TOMILLO X KG,"11.800,00",1 kg
,,FRUTOS SECOS,2445,ALMENDDRAS CARMEL X KG,"19.280,00",10 kilos.
,,FRUTOS SECOS,1842,ALMENDRA NONPAREIL  X KG,"20.420,00",10 kilos.
,,FRUTOS SECOS,4452,ALMENDRA PARTIDA,"19.133,13",10 kilos.
,,FRUTOS SECOS,1134,AVELLANAS SIN CASCARA X KG,"37.850,00",10 kg
,,FRUTOS SECOS,1180,CASTAÑAS CAJÚ VIETNAM  X KG,"14.430,00",5 kg
,,FRUTOS SECOS,1365,MAIZ FRITO SALADO X KG,"11.760,00",1 kg
,,FRUTOS SECOS,1375,MANI C/CASCARA X KG,"4.400,00",1 kg
,,FRUTOS SECOS,1378,MANI JAPONES,"6.670,00",1 kg
,,FRUTOS SECOS,1379,MANI SABORIZADO X KG,"4.500,00",1 kg
,,FRUTOS SECOS,1380,MANI TOSTADO SALADO X KG,"3.700,00",1 kg
,,FRUTOS SECOS,1381,MANI TOSTADO X KG.,"3.700,00",1 kg
,,FRUTOS SECOS,1416,MIX CERVECERO X KG,"6.340,00",1 kg
,,FRUTOS SECOS,1420,MIX DE FR SECOS/ CEREALES X KG,"8.170,00",1 kg
,,FRUTOS SECOS,2228,MIX IMPERIAL X KG,"14.890,00",5 kg
,,FRUTOS SECOS,1426,MIX PATAGONICO X KG,"13.880,00",5 kg
,,FRUTOS SECOS,1660,MIX SALADO X KG,"9.660,00",1 kg
,,FRUTOS SECOS,1429,MIX TRADICIONAL X KG,"5.250,00",5 kg
,,FRUTOS SECOS,1430,MIX TROPICAL X KG.,"8.010,00",5 kg
,,FRUTOS SECOS,1446,NUEZ CON CASCARA X KG,"4.730,00",10 kg
,,FRUTOS SECOS,1441,NUEZ CUARTILLO X KG,"10.510,00",5 kg
,,FRUTOS SECOS,1444,NUEZ CUARTOS EXTRA LIGHT X KG. ,"11.550,00",5 kg
,,FRUTOS SECOS,4453,NUEZ DE BRASIL,"35.440,00",5 kg
,,FRUTOS SECOS,1448,NUEZ MARIPOSA AMBAR X KG,"10.500,00",5 kg
,,FRUTOS SECOS,1716,NUEZ MARIPOSA EXTRA LIGHT X KG,"12.600,00",5 kg
,,FRUTOS SECOS,1450,NUEZ MARIPOSA LIGHT X KG,"12.080,00",5 kg
,,FRUTOS SECOS,1522,PISTACHOS CON CÁSCARA X KG,"31.700,00",10 kg
,,FRUTOS SECOS,2369,PISTACHOS NATURALES SIN CÁCARA X KG,"60.455,00",10 kg
,,GRANOS Y LEGUMBRES,1131,ARROZ INTEGRAL X KG.,"2.270,00",1 kg
,,GRANOS Y LEGUMBRES,1133,ARROZ YAMANI X KG.,"3.110,00",1 kg
,,GRANOS Y LEGUMBRES,1240,CUSCUS X KG,"10.720,00",1 kg
,,GRANOS Y LEGUMBRES,2335,GARBANZOS X KG,"2.480,00",1 kg
,,GRANOS Y LEGUMBRES,1358,LENTEJAS TURCAS X KG,"4.380,00",1 kg
,,GRANOS Y LEGUMBRES,1359,LENTEJAS X KG.,"3.690,00",1 kg
,,GRANOS Y LEGUMBRES,1364,MAIZ BCO PISADO PARTIDO X KG,"3.130,00",1 kg
,,GRANOS Y LEGUMBRES,1366,MAIZ PISCINGALLO X KG,"2.110,00",1 kg
,,GRANOS Y LEGUMBRES,1525,POROTO ALUBIA X KG,"3.270,00",1 kg
,,GRANOS Y LEGUMBRES,1526,POROTO COLORADO X KG,"3.770,00",1 kg
,,GRANOS Y LEGUMBRES,1527,POROTO MANTECA X KG.,"4.660,00",1 kg
,,GRANOS Y LEGUMBRES,1528,POROTO MUNG X KG,"3.180,00",1 kg
,,GRANOS Y LEGUMBRES,1529,POROTO NEGRO X KG.,"2.540,00",1 kg
,,GRANOS Y LEGUMBRES,1532,POROTOS DE SOJA X KG,"2.200,00",1 kg
,,GRANOS Y LEGUMBRES,1533,POROTOS PALLARES X KG,"10.790,00",1 kg
,,GRANOS Y LEGUMBRES,1634,TRIGO BURGOL X KG,"3.110,00",1 kg
,,GRANOS Y LEGUMBRES,2379,TRIGO CANDEAL X KG,"2.980,00",1 kg
,,GRANOS Y LEGUMBRES,2367,TRIGO SARRACENO PELADO X KG,"8.270,00",1 kg
,,HARINAS,1113,ALMIDON DE MAIZ X KG,"1.900,00",1 kg
,,HARINAS,1269,FECULA DE MANDIOCA X KG,"3.090,00",1 kg
,,HARINAS,1281,GERMEN DE TRIGO NATURAL X KG.,"2.420,00",1 kg
,,HARINAS,1282,GLUTEN DE TRIGO X KG,"11.170,00",1 kg
,,HARINAS,1293,HARINA ALMENDRAS S/ PIEL X KG,"23.440,00",10 kg
,,HARINAS,1291,HARINA DE ALGARROBA X KG,"5.710,00",1 kg
,,HARINAS,1294,HARINA DE ARROZ X KG,"2.100,00",1 kg
,,HARINAS,1295,HARINA DE AVENA X KG,"2.610,00",1 kg
,,HARINAS,1296,HARINA DE CENTENO X KG,"2.200,00",1 kg
,,HARINAS,1297,HARINA DE CHIA X KG.,"2.270,00",1 kg
,,HARINAS,1298,HARINA DE COCO X KG,"7.580,00",1 kg
,,HARINAS,1299,HARINA DE GARBANZO X KG,"1.800,00",1 kg
,,HARINAS,1300,HARINA DE LINO X KG,"3.400,00",1 kg
,,HARINAS,4466,HARINA DE NUEZ X 1KG ,"10.500,00",KG
,,HARINAS,1306,HARINA INTEGRAL FINA X KG.,"1.810,00",1 kg
,,HARINAS,1303,HARINA MAIZ PARA AREPAS  X KG,"3.180,00",1 kg
,,HARINAS,1305,HARINA SOJA DESGR FINA X KG,"3.120,00",1 kg
,,HARINAS,2041,HARINA TRIGO SARRACENO X KG,"7.230,00",1 kg
,,HARINAS,1822,HARINILLA DE MAIZ ,"1.610,00",1 kg
,,HARINAS,1670,PANKO X KG,"3.130,00",1 kg
,,HARINAS,1576,SALVADO DE AVENA X KG,"2.610,00",1 kg
,,HARINAS,1577,SALVADO DE TRIGO GRUESO X 1 KG,"1.940,00",1 kg
,,HARINAS,1588,SEMOLIN DE TRIGO X KG,"2.480,00",1 kg
,,HARINAS,1621,TEXTURIZADO DE SOJA X KG,"3.030,00",1 kg
,,INFUSIONES Y HIERBAS,1154,BOLDO X KG,"15.740,00",1 kg
,,INFUSIONES Y HIERBAS,2072,DIENTE DE LEON XKG,"9.550,00",1 kg
,,INFUSIONES Y HIERBAS,2032,EUCALIPTUS X KG,"11.150,00",1 kg
,,INFUSIONES Y HIERBAS,1849,HIBISCUS FLOR X KG,"15.280,00",1 kg
,,INFUSIONES Y HIERBAS,2037,LAVANDA X KG,"68.550,00",1 kg
,,INFUSIONES Y HIERBAS,2095,MALVA X KG,"6.910,00",1 kg
,,INFUSIONES Y HIERBAS,5044,MANZANILLA FLOR PREMIUM,"41.480,00",X KG
,,INFUSIONES Y HIERBAS,1384,MANZANILLA FLOR X KG,"33.800,00",1 kg
,,INFUSIONES Y HIERBAS,2420,PSYLLIUM MOLIDO X KG,"42.570,00",1 kg
,,INFUSIONES Y HIERBAS,2093,ROSA MOSQUETA X KG,"36.940,00",1 kg
,,INFUSIONES Y HIERBAS,2036,SEN FOLICULOS X KG,"31.280,00",1 kg
,,INFUSIONES Y HIERBAS,2322,SEN HOJAS X KG,"7.340,00",1 kg
,,INFUSIONES Y HIERBAS,2035,TE DE BURRO X KG,"20.190,00",1 kg
,,INFUSIONES Y HIERBAS,1618,TE NEGRO X KG ,"8.380,00",1 kg
,,INFUSIONES Y HIERBAS,1619,TE ROJO X KG,"8.380,00",1 kg
,,INFUSIONES Y HIERBAS,2048,TE VERDE X KG,"7.040,00",1 kg
,,INFUSIONES Y HIERBAS,2347,TILO EN HOjAS,"87.840,00",1 kg
,,INFUSIONES Y HIERBAS,2033,YERBA DEL PLATERO X KG,"10.180,00",1 kg
,,INFUSIONES Y HIERBAS,2043,YERBA MATE DESPALADA KALENA X KG,"8.890,00",10 kg
,,LINEA GOURMET,1188,"CEREZAS AL MARRASCHINO X 170 g AGROIANNI""""","4.630,00",12 unidades
,,LINEA GOURMET,1193,"CEREZAS AL MARRASCHINO X 330 g AGROIANNI""""","6.230,00",12 unidades
,,LINEA GOURMET,1681,"DURAZNOS EN ALMIBAR X 800 G VALLE DE LAS REINAS""""","4.880,00",6 unidades
,,LINEA GOURMET,1312,HOJAS DE PARRA X 500 GR,"16.920,00",12 unidades
,,LINEA GOURMET,1316,HUMO NATURAL X 250 ML,"3.500,00",6 unidades
,,LINEA GOURMET,1462,"PASTA ACEITUNAS CONDIM. X 110 g AGROIANNI""""","3.250,00",12 unidades
,,LINEA GOURMET,1463,"PASTA ACEITUNAS NEGRAS X 200 g AGROIANNI""""","3.320,00",12 unidades
,,LINEA GOURMET,1464,"PASTA ACEITUNAS VERDES X 200 g AGROIANNI""""","3.250,00",12 unidades
,,LINEA GOURMET,2330,PASTA ALCAUCILES X 200 g,"2.420,00",12 unidades
,,LINEA GOURMET,1465,PASTA DE AJI PICANTE X 90 g,"2.850,00",12 unidades
,,LINEA GOURMET,1468,"PASTA DE AJOS X 200 g AGROIANNI""""","2.380,00",12 unidades
,,LINEA GOURMET,1687,"SALSA AJI PICANTE X 180 cc CRISTO DE LOS CERROS""""","4.750,00",12 unidades
,,LINEA GOURMET,1564,SALSA BARBACOA X 250 GR,"4.630,00",12 unidades
,,LINEA GOURMET,1803,"SALSA CESAR 250 g CASA DE LA TORRE""""","4.630,00",12 unidades
,,LINEA GOURMET,1566,"SALSA CHIMICHURRI  X 250 g CASA DE LA TORRE""""","4.630,00",12 unidades
,,LINEA GOURMET,1571,SALSA DE SOJA X 180 CC,"3.480,00",12 unidades
,,LINEA GOURMET,1572,SALSA INGLESA X 180 CC,"4.480,00",12 unidades
,,LINEA GOURMET,1720,"SALSA JALAPEÑO AHUMADA X 180 cc RECETAS DE ENTONCES""""","4.940,00",12 unidades
,,LINEA GOURMET,1573,"SALSA JALAPEÑO ROJA X 180 CC RECETAS DE ENTONCES""""","4.940,00",12 unidades
,,LINEA GOURMET,1683,"SALSA JALAPEÑO VERDE X 180 CC RECETAS DE ENTONCES""""","4.940,00",12 unidades
,,LINEA GOURMET,1575,SALSA TERIYAKI X 250 CC,"4.290,00",12 unidades
,,MANTECAS Y PASTAS,1383,"MANTEQUILLA DE MANI ENTRENUTS"" X 370 g""","2.680,00",12 unidades
,,OTROS,1260,ENVASES VACIOS,"0,00",
,,PRODUCTOS SIN TACC,1540,PREMEZCLA P/PANIF S/TACC X 5 KG,"26.150,00",1 unidad
,,PRODUCTOS SIN TACC,1539,PREMEZCLA P/PANIFI S/ TACC X 1 KG,"5.750,00",1 kg
,,PRODUCTOS SIN TACC,1553,REBOZADOR S/GLUTEN X 500 GR,"3.560,00",30 unidades
,,SEMILLAS,4465,CORIANDRO  ENTERO X KG,"3.060,00",KG
,,SEMILLAS,1259,ENELDO SEMILLAS X KG,"8.220,00",1 kg
,,SEMILLAS,1414,MIX 10 SEMILLAS SALUD X KG,"6.280,00",1 kg
,,SEMILLAS,1415,MIX 7 SEMILLAS SALUD X KG,"4.200,00",1 kg
,,SEMILLAS,1421,MIX DE SLLAS  ADELGAZ X KG,"5.560,00",1 kg
,,SEMILLAS,1422,MIX SLLAS PARA ENSALADA X KG,"8.640,00",1 kg
,,SEMILLAS,2413,PSYLLIUM SEMILLA XKG,"19.860,00",1 kg
,,SEMILLAS,1551,QUINOA X KG,"8.550,00",1 kg
,,SEMILLAS,1581,SEMILLA DE AMAPOLA X KG.,"13.850,00",1 kg
,,SEMILLAS,1582,SEMILLA DE AMARANTO X KG,"8.850,00",1 kg
,,SEMILLAS,1583,SEMILLA DE CHIA NAC X KG.,"4.990,00",1 kg
,,SEMILLAS,1585,SEMILLA DE GIRASOL X KG.,"5.270,00",1 kg
,,SEMILLAS,1586,SEMILLA DE LINO X KG,"4.720,00",1 kg
,,SEMILLAS,1587,SEMILLA DE ZAPALLO PELADO X KG.,"25.880,00",1 kg
,,SEMILLAS,2433,SEMILLAS HINOJO X KG,"8.000,00",1 kg
,,SEMILLAS,1589,SESAMO BLANCO X KG.,"7.480,00",1 kg
,,SEMILLAS,1591,SESAMO NEGRO X KG,"11.440,00",1 kg
,,SNACK,2074,"BARRAS CRUDDA""  X40Gr - SIN TACC""","1.810,00",
,,SNACK,1794,MANI TOSTADO A GRANEL X KG,"2.750,00",10 kg
,,SUPLEMENTOS,2031,"COLAGENO HIDROLIZADO X KG PEPTAN B 2000 LD""""","29.230,00",1 kg
,,SUPLEMENTOS,2238,CREATINA MONOHIDRATO,"15.270,00",1 kg
,,SUPLEMENTOS,1866,PROTEINA AISLADA DE SUERO LACTEA,"10.970,00",1 kg
,,SUPLEMENTOS,2256,SPIRULINA EN POLVO X KG,"31.450,00",1 kg
,,TOMATE TRITURADO,1630,TOMATE CONDIMENTADO X 1 KG,"3.250,00",6 unidades
,,TOMATE TRITURADO,1625,TOMATE TRITURADO 12 X 500 CC,"11.760,00",1 pack
,,TOMATE TRITURADO,1626,TOMATE TRITURADO 8 X 1 KG,"9.450,00",1 pack