Articulo,Nombre,Rubro,Cantidad,Disponible
2265,"ACEITE COCO NEUTRO ENTRENUTS ""SIN TACC"" x 200",ACEITES Y VINAGRES,19,SI
2141,"ACEITE COCO NEUTRO ENTRENUTS ""SIN TACC"" x 360 G",ACEITES Y VINAGRES,22,SI
2142,"ACEITE COCO VIRGEN ENTRENUTS ""SIN TACC"" X 200 g",ACEITES Y VINAGRES,5,SI
2266,"ACEITE COCO VIRGEN ENTRENUTS ""SIN TACC"" X 360 g",ACEITES Y VINAGRES,22,SI
2467,"ACEITE DE HIBISCUS 30 ml ""SOMOS SETAS""",SUPLEMENTOS,0,NO
2386,"ACEITE DE LINO X 150 cc ""NUTRA SEM""",ACEITES Y VINAGRES,0,NO
1908,ACEITE DE OLIVA 3 L VERDE OLIVA,ACEITES Y VINAGRES,3,SI
1909,ACEITE DE OLIVA 5 L VERDE OLIVA,ACEITES Y VINAGRES,0,NO
2119,ACEITE DE OLIVA 500 PET VERDE OLIVA,ACEITES Y VINAGRES,13,SI
1894,ACEITE DE OLIVA 900ML VERDE OLIVA,ACEITES Y VINAGRES,10,SI
1013,ACEITE DE OLIVA PANNOCCHIA X 500ML,ACEITES Y VINAGRES,7,SI
1011,ACEITE DE OLIVA PANNOCCHIA X1L,ACEITES Y VINAGRES,5,SI
1014,ACEITE DE OLIVA PANNOCCHIA X5L,ACEITES Y VINAGRES,1,SI
1008,ACEITE DE OLIVA X 3 L R.V.,ACEITES Y VINAGRES,4,SI
1007,ACEITE DE OLIVA X 5 L R.V.,ACEITES Y VINAGRES,1,SI
1002,ACEITE DE OLIVA X 500 CC LAUR,ACEITES Y VINAGRES,5,SI
1009,ACEITE DE OLIVA X 500 CC R.V.,ACEITES Y VINAGRES,4,SI
1010,ACEITE DE OLIVA X 900 CC R.V.,ACEITES Y VINAGRES,3,SI
1012,ACEITE DE OLIVA X1 L VID. LAUR,ACEITES Y VINAGRES,4,SI
2185,"ACEITE DE OREGANO X30CC ""SOMOS SETA""",SUPLEMENTOS,9,SI
2378,ACEITE DE SÉSAMO X 250 ML NATRUSEM,ACEITES Y VINAGRES,1,SI
2377,ACEITE PURO DE ALMENDRAS X 50 CC,SUPLEMENTOS,1,SI
2277,ACEITE PURO DE ARGAN X 50CC,SUPLEMENTOS,3,SI
2493,ACEITE PURO DE ARNICA X50cc,SUPLEMENTOS,1,SI
2352,"ACEITE PURO DE RICINO ""EL NATURALISTA""",SUPLEMENTOS,2,SI
5043,ACEITE PURO DE ROSA MOSQUETA X50CC - EL NATURALISTA,SUPLEMENTOS,2,SI
1024,ACEITUNAS GRIEGAS X 1 KG,ACEITUNAS,2,SI
1025,ACEITUNAS GRIEGAS X 1/2 KG,ACEITUNAS,1,SI
1036,ACEITUNAS RELL. X 200 GR,ACEITUNAS,5,SI
1043,ACEITUNAS VERDES X 1 KG Nº 00,ACEITUNAS,4,SI
1044,ACEITUNAS VERDES X 1 KG Nº0,ACEITUNAS,4,SI
1045,ACEITUNAS VERDES X 1 KG Nº1,ACEITUNAS,4,SI
1049,ACEITUNAS VERDES X 1/2 KG Nº 00,ACEITUNAS,3,SI
1050,ACEITUNAS VERDES X 1/2 KG Nº 1,ACEITUNAS,5,SI
1064,"ACETO BALSAMICO 500 CC PET ""CRISTO DE LOS CERROS""",ACEITES Y VINAGRES,12,SI
2416,ACETO BALSAMICO MILLAN X 250 cc,ACEITES Y VINAGRES,4,SI
1066,"ACETO REDUCCIÓN X 500 CC ""RECETAS DE ENTONCES""",ACEITES Y VINAGRES,4,SI
2346,ACIDO ASCÓRBICO X KG,SUPLEMENTOS,2,SI
5006,ACONDICIONADOR DE ROMERO Y ALOE VERA X300 CC - EL AMAUTA,PALADEAR HOME,1,SI
5026,ACONDICIONADOR SOLIDO,PALADEAR HOME,1,SI
1068,ADOBO PARA PIZZA X KG.,ESPECIAS,1,SI
1079,AJI MOLIDO FINO X KG.,ESPECIAS,3,SI
1082,AJIES DULCES X 110 GR,ENCURTIDOS,9,SI
1084,AJIES PICANTES X 110 GR,ENCURTIDOS,8,SI
1085,AJO EN POLVO,ESPECIAS,3,SI
1088,AJO GRANULADO X KG.,ESPECIAS,2,SI
2054,"AJO NEGRO X 50 CÁPSULAS ""NATIER""",SUPLEMENTOS,0,NO
4463,AJO NEGRO XKG,DESHIDRATADOS,2,SI
1099,ALBAHACA EN HOJAS X KG,ESPECIAS,1,SI
1100,ALCAPARRAS X 100 GR,ENCURTIDOS,5,SI
2513,"ALFAJOR SIN AZUCAR ""BANDA""",PRODUCTOS SIN TACC,9,SI
2027,ALFAJORES MAICENA SIN TACC X 6 unidades,PRODUCTOS SIN TACC,-2,NO
1842,ALMENDRA NONPAREIL X KG,FRUTOS SECOS,12,SI
2001,ALMENDRAS CON CHOCO xKG,"DULCES, MIEL Y CHOCOLATES",9,SI
1113,ALMIDON DE MAIZ X KG,HARINAS,9,SI
1114,ALMOHADITAS 2 SALVADO X KG.,CEREALES,3,SI
1115,ALMOHADITAS CHOCOLATE X KG.,CEREALES,3,SI
1117,ALMOHADITAS FRUTILLA X KG.,CEREALES,4,SI
1118,ALMOHADITAS LIMON X KG.,CEREALES,5,SI
2323,"ALOE VERA DIGESTIVO BEBIBLE X250 ""NATIER""",SUPLEMENTOS,2,SI
2044,"ALOE VERA JUGO X 250 ML ""NATIER""",SUPLEMENTOS,3,SI
2325,"ALOE VERA JUGO X 500 ML"" NATIER""",SUPLEMENTOS,2,SI
1121,ANILLOS DE AVENA Y MIEL X KG.,CEREALES,6,SI
1122,ANILLOS FRUTADOS X KG.,CEREALES,3,SI
1123,ANIS EN GRANO X KG.,ESPECIAS,1,SI
1124,ANIS ESTRELLADO X KG.,ESPECIAS,1,SI
2002,ARANDANOS CON CHOCO xKG,"DULCES, MIEL Y CHOCOLATES",6,SI
1126,ARANDANOS CONGELADOS X KG,PRODUCTOS CONGELADOS,-0,NO
1127,ARANDANOS DESHIDRATADOS X KG,DESHIDRATADOS,14,SI
1131,ARROZ INTEGRAL X KG.,GRANOS Y LEGUMBRES,6,SI
1133,ARROZ YAMANI X KG.,GRANOS Y LEGUMBRES,5,SI
2073,"ASHWAGANDHA X 60 CAPSULAS ""SOMOS SETA""",SUPLEMENTOS,4,SI
2411,"ASHWAGANDHA X 60 CC ""SOMOS SETA""",SUPLEMENTOS,4,SI
2010,AVELLANAS CON CHOCO XKG,"DULCES, MIEL Y CHOCOLATES",7,SI
1134,AVELLANAS SIN CASCARA X KG,FRUTOS SECOS,3,SI
1135,AVENA ARROLLADA GRUESA X KG,CEREALES,10,SI
5032,AVENA GRUESA INTEGRAL SIN TACC X350gr DICOMERE,PRODUCTOS SIN TACC,6,SI
5033,AVENA INSTANTANEA INTEGRAN SIN TACC X350gr DICOMERE,PRODUCTOS SIN TACC,3,SI
1136,AVENA INSTANTÁNEA X KG,CEREALES,2,SI
1137,AVENA TRADICIONAL X KG.,CEREALES,10,SI
1138,AZAFRAN ESPAÑOL X CAPSULA.,ESPECIAS,23,SI
1140,AZUCAR IMPALPABLE X KG.,"AZUCAR, CACAO Y REPOSTERIA",4,SI
1141,AZUCAR MASCABO X KG,"AZUCAR, CACAO Y REPOSTERIA",8,SI
1142,AZUCAR NEGRA X KG.,"AZUCAR, CACAO Y REPOSTERIA",1,SI
2455,BANANITAS CON CHOCO,"DULCES, MIEL Y CHOCOLATES",4,SI
2003,BARRA CHOCO 70% CON STEVIA x 100 g - COLONIAL,"DULCES, MIEL Y CHOCOLATES",21,SI
2268,BARRA CHOCO 80% X 100 g - COLONIAL,"DULCES, MIEL Y CHOCOLATES",20,SI
2004,BARRA CHOCO SIN AZUCAR x 100 g - COLONIAL,"DULCES, MIEL Y CHOCOLATES",19,SI
2103,"BARRA CROWIE ARROZ ""SIN TACC""",PRODUCTOS SIN TACC,59,SI
2014,BARRA MUECAS X45GR,SNACK,93,SI
4454,BARRA PROTA PROTEICA 59g,SNACK,52,SI
2506,"BARRA PROTEICA ""INTEGRA""",SNACK,11,SI
2074,"BARRAS ""CRUDDA"" X40Gr - SIN TACC",SNACK,128,SI
5031,BARRAS PROTEICAS X45 GR - ENTRENUTS,SNACK,35,SI
1147,BASTONCITO SALVADO TRIGO Y AVENA X KG.,CEREALES,2,SI
5042,BERBERINA X60CC - EL NATURALISTA,SUPLEMENTOS,4,SI
1150,BERENJENAS CONDIM.X 200 GR,ENCURTIDOS,6,SI
2089,BICARBONATO DE SODIO X KG,ESPECIAS,2,SI
2463,BISGLICINATO DE MAGNESIO NATIER 50 cápsulas,SUPLEMENTOS,0,NO
2326,BLEND DE TE X 30g,INFUSIONES Y HIERBAS,20,SI
1154,BOLDO X KG,INFUSIONES Y HIERBAS,1,SI
1155,BOLITAS DE CHOCOLATE X KG.,CEREALES,6,SI
2328,BOMBITA DEFUMACION X 4 uni. - SAGRADA MADRE,PALADEAR HOME,11,SI
5017,BOMBONES DE PISTACHO X10unidades,"AZUCAR, CACAO Y REPOSTERIA",0,NO
1163,CACAO AMARGO DE BRASIL X KG.,"AZUCAR, CACAO Y REPOSTERIA",6,SI
2381,CAFE BRASIL BB X 250,INFUSIONES Y HIERBAS,2,SI
2382,CAFE COLOMBIA HUILA BB X250,INFUSIONES Y HIERBAS,2,SI
2383,CAFE DESCAFEINADO EXOTIC COLOMBIA BB X250,INFUSIONES Y HIERBAS,0,NO
2216,"CAFE VERDE X30 COMPRIMIDOS ""EL NATURALISTA""",SUPLEMENTOS,6,SI
2278,"CALDO DE HUESO "" MEDICINA ANCESTRAL""",PRODUCTOS CONGELADOS,2,SI
2154,"CALDO DE VERDURA SIN SAL ""El Naturalista"" x10sobres",ESPECIAS,13,SI
2155,"CALDO DE VERDURAS CON SAL ""El Naturalista"" x10sobres",ESPECIAS,-4,NO
1167,CANELA EN RAMA X KG,ESPECIAS,1,SI
1168,CANELA MOLIDA X KG.,ESPECIAS,1,SI
1176,CARDAMOMO X KG.,ESPECIAS,1,SI
1110,"CARDO MARIANO TINTURA MADRE X 60 CC ""EL NATURALISTA""",SUPLEMENTOS,0,NO
2080,"CARDOMARIANO x 30 cápsulas ""EL NATURALISTA""",SUPLEMENTOS,4,SI
2218,"CAROTENO X 10 cápsulas ""EL NATURALISTA""",SUPLEMENTOS,4,SI
2351,"CARQUEJA TINTURA MADRE ""EL NATURALISTA""",SUPLEMENTOS,2,SI
2170,"CASCARA SAGRADA GOTAS X 60 CC ""EL NATURALISTA""",SUPLEMENTOS,1,SI
1178,CASCARILLA DE CACAO X KG.,"AZUCAR, CACAO Y REPOSTERIA",5,SI
1180,CASTAÑAS CAJÚ VIETNAM X KG,FRUTOS SECOS,6,SI
5041,CASTAÑO DE INDIAS X60CC - EL NATURALISTA,SUPLEMENTOS,1,SI
1182,CEBOLLA EN ESCAMAS X KG.,ESPECIAS,1,SI
2038,CEDRON X KG,INFUSIONES Y HIERBAS,1,SI
2187,CENTELLA ASIATICA X 50 NATIER,SUPLEMENTOS,1,SI
2281,CENTELLA ASIATICA+GINKGOBILOBA+TEVERDE+HIBISCUS,SUPLEMENTOS,1,SI
4458,CEPILLO DENTAL SRISRI,PALADEAR HOME,10,SI
1188,"CEREZAS AL MARRASCHINO X 170 g ""AGROIANNI""",LINEA GOURMET,0,NO
1193,"CEREZAS AL MARRASCHINO X 330 g ""AGROIANNI""",LINEA GOURMET,4,SI
1201,CHIMICHURRI X KG.,ESPECIAS,0,SI
2517,CHIPA X480 GR - AFG,PRODUCTOS CONGELADOS,1,SI
1202,CHIPS DE BANANA X KG,DESHIDRATADOS,5,SI
5013,CHIPS SALADOS X80 GR - NUESTROS SABORES,PRODUCTOS SIN TACC,99,SI
2159,CHOCOLATE 100% COBERTURA SEMIAMARGO x kg - COLONIAL,"AZUCAR, CACAO Y REPOSTERIA",6,SI
1424,CHOCOLATE 80% COBERTURA SEMIAMARGO x kg - COLONIAL,"AZUCAR, CACAO Y REPOSTERIA",4,SI
1204,CHUCRUT X 600 GR,ENCURTIDOS,4,SI
1206,CIRUELA PRESIDENTE X KG.,DESHIDRATADOS,10,SI
1207,CIRUELAS D`AGEN C/CAROZO X KG,DESHIDRATADOS,7,SI
1208,CIRUELAS TIERNIZADAS S/C X KG,DESHIDRATADOS,5,SI
2076,"CITRATO DE MAGNESIO ""EL NATURALISTA""",SUPLEMENTOS,12,SI
2483,CITRATO DE MAGNESIO XKG,SUPLEMENTOS,3,SI
2077,"CITRATO DE POTASIO ""EL NATURALISTA""",SUPLEMENTOS,7,SI
1209,CLAVO DE OLOR ENTERO X KG.,ESPECIAS,1,SI
2432,CLORURO DE MAGNESIO X KG,SUPLEMENTOS,0,SI
1211,COCO EN ESCAMAS X KG,"AZUCAR, CACAO Y REPOSTERIA",8,SI
1212,COCO RALLADO X KG.,"AZUCAR, CACAO Y REPOSTERIA",3,SI
2469,"COLA DE PAVO EXTRACTO 60 cc ""SOMOS SETAS""",SUPLEMENTOS,1,SI
2049,"COLAGENO HIDROLIZADO CAPSULA X 50 CÁPSULAS ""NATIER""",SUPLEMENTOS,0,NO
2031,"COLAGENO HIDROLIZADO X KG ""PEPTAN B 2000 LD""",SUPLEMENTOS,6,SI
2222,"COLAGENO X 10 COMPRIMIDOS ""EL NATURALISTA""",SUPLEMENTOS,2,SI
1214,COMINO MOLIDO X KG.,ESPECIAS,1,SI
1219,CONDIMENTO PARA ARROZ X KG,ESPECIAS,1,SI
1228,COPOS DE MAIZ C/AZUCAR X KG,CEREALES,5,SI
1229,COPOS DE MAIZ X KG.,CEREALES,7,SI
1101,CORAZON DE ALCAUCIL CONDIM X 330 GR,ENCURTIDOS,6,SI
1230,CORAZONES DE ALCAUCIL X 300 GR,ENCURTIDOS,4,SI
1231,CORDERO CON PIEL DEL LOBO X 750CC,VINOS,3,SI
2105,"CORDYCEPS EXTRACTO 60CC ""SOMOS SETA""",SUPLEMENTOS,1,SI
2114,"CORDYCEPS X 60 CAPSULAS ""SOMOS SETA""",SUPLEMENTOS,2,SI
4465,CORIANDRO ENTERO X KG.,ESPECIAS,0,SI
1233,CORIANDRO MOLIDO,ESPECIAS,2,SI
5000,CRACKERS MEDITERRANEAS X100g,SNACK,8,SI
4455,CRACKERS PIMENTON AHUMADO X100GR,SNACK,7,SI
2238,CREATINA MONOHIDRATO,SUPLEMENTOS,3,SI
2292,CUENCOS DE CERÁMICA,PALADEAR HOME,0,NO
2169,"CURCUMA ACTIVADA CON PIMIENTA X 30 COMP. ""EL NATURALISTA""",SUPLEMENTOS,9,SI
1236,CURCUMA MOLIDA X KG,ESPECIAS,4,SI
2051,"CURCUMA+PIMIENTA X 50 CÁPSULAS ""NATIER""",SUPLEMENTOS,0,NO
2226,"CURCUMA, JENGIBRE Y PIMIENTA vitawellness x 30 cap",SUPLEMENTOS,1,SI
1239,CURRY X KG,ESPECIAS,2,SI
1240,CUSCUS X KG,GRANOS Y LEGUMBRES,4,SI
5028,DATILES DORADOS DE EGIPTO,DESHIDRATADOS,3,SI
2126,DELANTAL JEAN,PALADEAR HOME,1,SI
1003,DELANTAL LINO,PALADEAR HOME,2,SI
5009,DESODORANTE NATURAL - EL AMAUTA,PALADEAR HOME,2,SI
2072,DIENTE DE LEON XKG,INFUSIONES Y HIERBAS,-0,NO
2400,"DIFUSOR ""ILUMINARTE"" X 125 ml",PALADEAR HOME,7,SI
5035,DIFUSOR AUTO 12ml,PALADEAR HOME,8,SI
5045,DIFUSORES TAO 150ml,PALADEAR HOME,6,SI
1244,DULCE DE ALCAYOTA X 500 GR,"DULCES, MIEL Y CHOCOLATES",0,NO
2134,"DULCE DE LECHE CON STEVIA DOÑA MAGDALENA ""SIN TACC""","DULCES, MIEL Y CHOCOLATES",14,SI
2145,"DULCE DE LECHE DE COCO VEGANO ""SIN TACC"" - DOÑA MAGDALENA","DULCES, MIEL Y CHOCOLATES",13,SI
1254,DULCE DE MEMBRILLO X 1 KG,"DULCES, MIEL Y CHOCOLATES",5,SI
1253,DULCE DE MEMBRILLO X 500 GR,"DULCES, MIEL Y CHOCOLATES",5,SI
2512,DULCE MEMBRILLO SIN AZUCAR ORIETA 400gr,PRODUCTOS SIN TACC,3,SI
2485,"ELECTROLITOS ""SUMA"" - Sobre x 9 g",SUPLEMENTOS,141,SI
1259,ENELDO SEMILLAS X KG,SEMILLAS,2,SI
2402,"EQUINACEA TINTURA MADRE 60 cc ""EL NATURALISTA""",SUPLEMENTOS,0,NO
1263,"ESENCIA ARTIFICIAL DE VAINILLA X 100 CC ""INDIAS""","AZUCAR, CACAO Y REPOSTERIA",2,SI
5040,ESTRAGON,INFUSIONES Y HIERBAS,0,SI
2032,EUCALIPTUS X KG,INFUSIONES Y HIERBAS,2,SI
2257,"EXTRACTO DE VAINILLA NATURAL X 100 CC ""EL CASTILLO""","AZUCAR, CACAO Y REPOSTERIA",5,SI
1269,FECULA DE MANDIOCA X KG,HARINAS,12,SI
1863,"FIDEOS DE ARROZ ""PARTY BECK"" X 280GR",PRODUCTOS SIN TACC,9,SI
1685,"FIDEOS DE ARROZ VERDURA ""PARTY BECK"" X280GR",PRODUCTOS SIN TACC,22,SI
1270,FINAS HIERBAS X KG.,ESPECIAS,1,SI
2217,"FLEBOTONICO X30 COMPRIMIDOS ""EL NATURALISTA""",SUPLEMENTOS,1,SI
2470,FRAMBUESAS CONGELADAS X KG,PRODUCTOS CONGELADOS,0,NO
5014,FRASCO ESPECIERO VIDRIO,PALADEAR HOME,2,SI
1271,FRUTA ESCURRIDA X KG,DESHIDRATADOS,6,SI
1954,FRUTA MULTICOLOR X KG,DESHIDRATADOS,11,SI
5047,FRUTILLA GLASEADA XKG,"DULCES, MIEL Y CHOCOLATES",2,SI
1895,GALLETAS CACHAFAS ORGANICAS,SNACK,7,SI
2115,GALLETAS CACHAFAZ INTEGRALES,SNACK,15,SI
2280,GALLETAS SIN TACC X KG,PRODUCTOS SIN TACC,5,SI
2111,"GALLETAS SLIM DOS HERMANO ""SIN TACC""",PRODUCTOS SIN TACC,20,SI
2354,GALLETITAS DELICEL (SIN TACC) x 150 g,PRODUCTOS SIN TACC,32,SI
2101,GARAM MASALA XKG,ESPECIAS,-0,NO
2335,GARBANZOS X KG,GRANOS Y LEGUMBRES,5,SI
5046,GARRAPIÑADA DE GARBANZO CON SESAMO,"DULCES, MIEL Y CHOCOLATES",2,SI
1276,GARRAPIÑADA DE MANI X KG,"DULCES, MIEL Y CHOCOLATES",2,SI
1702,GELATINA SIN SABOR X KG,ESPECIAS,7,SI
1281,GERMEN DE TRIGO NATURAL X KG.,HARINAS,5,SI
2304,"GIN DE AUTOR LODON DRY x 750 cc ""TIERRA SANTA""",VINOS,2,SI
2301,"GIN DE AUTOR SABORIZADO x 500 cc ""TIERRA SANTA""",VINOS,11,SI
2082,"GINKGO BILOBA FORTE X 10 COMP. ""EL NATURALISTA""",SUPLEMENTOS,19,SI
2084,"GINSENG + MAGNESIO X 10 COMP. ""EL NATURALISTA""",SUPLEMENTOS,13,SI
2078,"GLICINATO DE MAGNESIO ""EL NATURALISA""",SUPLEMENTOS,10,SI
1282,GLUTEN DE TRIGO X KG,HARINAS,5,SI
2408,GOMA XANTICA,"AZUCAR, CACAO Y REPOSTERIA",0,SI
2241,GOTITAS DE CHOCO BLANCO X KG,"DULCES, MIEL Y CHOCOLATES",2,SI
2007,GOTITAS DE CHOCO SEMIAMARGO X KG,"DULCES, MIEL Y CHOCOLATES",2,SI
1912,GRANOLA CON CHOCO X KG,CEREALES,11,SI
1290,GRANOLA CON MIEL X KG,CEREALES,8,SI
5022,GRANOLA CRUNCH X 1 KG - HOMEMADE,CEREALES,4,SI
5023,GRANOLA FIT-CRUNCH X 1KG - HOMEMADE,CEREALES,3,SI
1286,GRANOLA MIX BERRIES X KG,CEREALES,2,SI
1287,GRANOLA MIX ENERGET X KG,CEREALES,8,SI
1897,GRANOLA MIX SIN PASAS X KG,CEREALES,8,SI
1289,GRANOLA MIX TROPICAL X KG,CEREALES,6,SI
1911,GRANOLA TRADICIONAL X KG,CEREALES,1,SI
1291,HARINA DE ALGARROBA X KG,HARINAS,4,SI
2315,HARINA DE ALMENDRAS C/PIEL,HARINAS,6,SI
1293,HARINA DE ALMENDRAS S/ PIEL X KG,HARINAS,0,SI
1294,HARINA DE ARROZ X KG,HARINAS,4,SI
5034,HARINA DE AVENA INTEGRAL SIN TACC X350gr DICOMERE,PRODUCTOS SIN TACC,4,SI
1295,HARINA DE AVENA X KG,HARINAS,1,SI
1297,HARINA DE CHIA X KG.,HARINAS,4,SI
1298,HARINA DE COCO X KG,HARINAS,5,SI
1299,HARINA DE GARBANZO X KG,HARINAS,2,SI
1300,HARINA DE LINO X KG,HARINAS,8,SI
1303,HARINA DE MAIZ BLANCO,HARINAS,4,SI
4466,HARINA DE NUEZ,HARINAS,4,SI
1306,HARINA INTEGRAL FINA X KG.,HARINAS,4,SI
1305,HARINA SOJA DESGR FINA X KG,HARINAS,4,SI
2041,HARINA TRIGO SARRACENO X KG,HARINAS,1,SI
2466,"HIBISCUS EXTRACTO 60 cc ""SOMOS SETAS""",SUPLEMENTOS,2,SI
1849,HIBISCUS FLOR X KG,INFUSIONES Y HIERBAS,4,SI
1309,HIGOS EN ALMIBAR X 450 GR,LINEA GOURMET,5,SI
1311,HIGOS TIERNIZADOS X KG,DESHIDRATADOS,2,SI
2370,HIPÉRICO TINTURA MADRE X 60 CC,SUPLEMENTOS,3,SI
1314,HONGOS SECOS X KG,ESPECIAS,2,SI
1316,HUMO NATURAL X 250 ML,LINEA GOURMET,0,NO
2012,INFUSOR PINZA,PALADEAR HOME,6,SI
5008,JABON DE JARILLA Y GLICERINA - EL AMAUTA,PALADEAR HOME,4,SI
5007,JABON LIQUIDO DE ROSA MOSQUETA - EL AMAUTA,PALADEAR HOME,1,SI
1654,JAZMIN XKG,INFUSIONES Y HIERBAS,1,SI
1883,JENGIBRE EN TROZOS XKG,INFUSIONES Y HIERBAS,0,SI
1319,JENGIBRE GLASEADO X KG,DESHIDRATADOS,2,SI
1320,JENGIBRE MOLIDO X KG.,ESPECIAS,2,SI
1324,"JUGO DE ARANDANOS X 1,5 LTS.",BEBIDAS,3,SI
1333,JULIANA SIN PAPA X KG,ESPECIAS,1,SI
2233,"KEFIR DE AGUA ""KE.LIVE"" SABORIZADO X 950 ML",BEBIDAS,19,SI
2395,KIMCHI VERDE VIDA 360 ml,LINEA GOURMET,2,SI
2459,KOMBUCHA EYWA 354 ml,BEBIDAS,0,NO
2447,LA IRIDE CHAMP EXTRA BRUT X 750 cc,VINOS,2,SI
1107,LAS PERDICES BRUT ROSÉ X750ml,VINOS,4,SI
1704,LAS PERDICES MALBEC X 750,VINOS,0,NO
1706,LAS PERDICES SAUVI BLANC X 750,VINOS,3,SI
1350,LAUREL EN HOJAS X KG.,ESPECIAS,1,SI
2037,LAVANDA X KG,INFUSIONES Y HIERBAS,1,SI
1727,LECHE DE COCO EN POLVO X KG,BEBIDAS,5,SI
2316,LENTEJA DE CHOCOLATE XKG,"DULCES, MIEL Y CHOCOLATES",6,SI
1358,LENTEJAS TURCAS X KG,GRANOS Y LEGUMBRES,7,SI
1359,LENTEJAS X KG.,GRANOS Y LEGUMBRES,8,SI
1360,LEVADURA DE CERVEZA NUTRICIONAL X KG,ESPECIAS,4,SI
2086,LEVADURA DE CERVEZA SABOR QUESO X200GR,SUPLEMENTOS,1,SI
1458,"LEVADURA TITAN EN COPOS X200GR ""SIN TACC""",SUPLEMENTOS,2,SI
1363,MACA EN POLVO X KG.,ESPECIAS,3,SI
2504,MAGNESIO EN POLVO NATIER X150g,SUPLEMENTOS,2,SI
2056,"MAGNESIO X 50 CÁPSULAS ""NATIER""",SUPLEMENTOS,3,SI
1364,MAIZ BCO PISADO PARTIDO X KG,GRANOS Y LEGUMBRES,7,SI
1365,MAIZ FRITO SALADO X KG,FRUTOS SECOS,6,SI
1366,MAIZ PSINGALLO,GRANOS Y LEGUMBRES,3,SI
2095,MALVA X KG,INFUSIONES Y HIERBAS,1,SI
2317,MANGO EN TROZOS CONGELADOS XKG,PRODUCTOS CONGELADOS,2,SI
1375,MANI C/CASCARA X KG,FRUTOS SECOS,4,SI
2008,MANI C/CHOCO SEMIAMARGO XKG,"DULCES, MIEL Y CHOCOLATES",8,SI
1378,MANI JAPONES,FRUTOS SECOS,3,SI
1379,MANI SABORIZADO X KG,FRUTOS SECOS,8,SI
1380,MANI TOSTADO SALADO X KG,FRUTOS SECOS,14,SI
1381,MANI TOSTADO X KG.,FRUTOS SECOS,5,SI
2269,"MANTECA CLARIFICADA GHEE ""ENTRENUTS"" X370",MANTECAS Y PASTAS,4,SI
5021,MANTECA CLARIFICADA X150 GR - ENTRENUTS,MANTECAS Y PASTAS,8,SI
2307,MANTELITOS ARTESANALES (POLIÉSTER),PALADEAR HOME,2,SI
1383,"MANTEQUILLA DE MANI ""ENTRENUTS"" X 370 g",MANTECAS Y PASTAS,10,SI
5030,MANTEQUILLA DE MANI CON STEVIA X370 CC - ENTRENUTS,MANTECAS Y PASTAS,5,SI
5012,MANTEQUILLA DE MANI PROTEICA X370 GR - ENTRENUTS,MANTECAS Y PASTAS,25,SI
5044,MANZANILLA IMPORTADA XKG,INFUSIONES Y HIERBAS,1,SI
2186,MARACUYA CONGELADO X KG,PRODUCTOS CONGELADOS,3,SI
2088,MARCIANO WINE MALBEC,VINOS,6,SI
1159,MASTROENI CABERNET FRANC X 750 CC,VINOS,2,SI
1700,MASTROENI EXTRA BRUT,VINOS,3,SI
2179,MATCHA X KG,INFUSIONES Y HIERBAS,1,SI
2515,"MAYONESA ""MAYOV"" X 270GR",LINEA GOURMET,28,SI
1394,MEDALLONES DURAZ. X KG,DESHIDRATADOS,5,SI
2057,"MEDALLONES VEGETARIANOS ""KISLEV""",PRODUCTOS CONGELADOS,16,SI
2468,"MELENA DE LEON EN POLVO 30 g ""SOMOS SETAS""",SUPLEMENTOS,1,SI
2380,"MELENA DE LEON EXTRACTO 60cc ""SOMOS SETA""",SUPLEMENTOS,2,SI
2112,"MELENA DE LEON X 60 CAPSULAS ""SOMOS SETA""",SUPLEMENTOS,2,SI
2162,"MELENA+ REISHI X 60CC ""SOMOS SETA""",SUPLEMENTOS,1,SI
2116,"MELENA+ASHWAGANDHA X 60CC ""SOMOS SETA""",SUPLEMENTOS,2,SI
2371,MELISA TINTURA MADRE X 60 CC,SUPLEMENTOS,3,SI
2039,MELISA X KG,INFUSIONES Y HIERBAS,1,SI
2229,"MEMBRILLITOS X30Gr ""PIZARRO""","DULCES, MIEL Y CHOCOLATES",40,SI
2040,MENTA HOJAS X KG,INFUSIONES Y HIERBAS,1,SI
2308,MERKEN CHILENO X KG,ESPECIAS,2,SI
2153,"MERMELADA ""DOÑA MAGDALENA"" C/STEVIA ""SIN TACC""","DULCES, MIEL Y CHOCOLATES",8,SI
2123,"MERMELADA DE CITRICOS ""LAS DOÑAS""","DULCES, MIEL Y CHOCOLATES",2,SI
2122,"MERMELADA DE FRUTILLAS Y ARANDANOS ""LAS DOÑAS""","DULCES, MIEL Y CHOCOLATES",0,NO
5020,MERMELADA DE FRUTOS DEL BOSQUE X450 GR - LA CASITA DE LA ABUELI,"DULCES, MIEL Y CHOCOLATES",3,SI
5018,MERMELADA DE MEMBRILLO X450GR - LA CASITA DE LA ABUELI,"DULCES, MIEL Y CHOCOLATES",3,SI
2368,"MERMELADA DE PERAS AL MALBEC ""LAS DOÑAS""","DULCES, MIEL Y CHOCOLATES",6,SI
2124,"MERMELADA DE PERAS Y JENGIBRE ""LAS DOÑAS""","DULCES, MIEL Y CHOCOLATES",3,SI
5019,MERMELADA DEDURAZNO X450 GR - LA CASITA DE LA ABUELI,"DULCES, MIEL Y CHOCOLATES",1,SI
2435,"MERMELADA FRUTOS ROJOS CON STEVIA ""DOÑA MAGDALENA""","DULCES, MIEL Y CHOCOLATES",3,SI
1902,MERMELADA MQA FRUTILLA X 310,"DULCES, MIEL Y CHOCOLATES",0,NO
1901,MERMELADA MQA X 310,"DULCES, MIEL Y CHOCOLATES",17,SI
1906,MERMELADA ZANAHORIA/NARANJA X310GR,"DULCES, MIEL Y CHOCOLATES",7,SI
2271,"MIEL BATIDA ""GOTAS DE ORO"" X250GR","DULCES, MIEL Y CHOCOLATES",20,SI
2171,"MIEL BATIDA ""GOTAS DE ORO"" X500GR","DULCES, MIEL Y CHOCOLATES",27,SI
1406,"MIEL DE ABEJA X 1 kg ""MONTE NATURAL"" - JALEA","DULCES, MIEL Y CHOCOLATES",0,NO
1408,"MIEL DE ABEJA X 250 g ""MONTE NATURAL"" - JALEA","DULCES, MIEL Y CHOCOLATES",11,SI
1410,"MIEL DE ABEJA X 500 g ""MONTE NATURAL"" - JALEA","DULCES, MIEL Y CHOCOLATES",16,SI
2287,"MIEL X 250 g ""TRES SOLES"" - JALEA","DULCES, MIEL Y CHOCOLATES",22,SI
2286,"MIEL X 500 g ""TRES SOLES"" - JALEA","DULCES, MIEL Y CHOCOLATES",24,SI
1418,MIX 4 PIMIENTAS,ESPECIAS,1,SI
1415,MIX 7 SEMILLAS SALUD X KG,SEMILLAS,4,SI
1416,MIX CERVECERO X KG,FRUTOS SECOS,4,SI
1421,MIX DE SLLAS ADELGAZ X KG,SEMILLAS,3,SI
2176,MIX FRUTOS ROJOS CONGELADOS X KILO,PRODUCTOS CONGELADOS,6,SI
2228,MIX IMPERIAL X KG,FRUTOS SECOS,12,SI
1426,MIX PATAGONICO X KG,FRUTOS SECOS,14,SI
1660,MIX SALADO X KG,FRUTOS SECOS,2,SI
1422,MIX SLLAS PARA ENSALADA X KG,SEMILLAS,5,SI
1429,MIX TRADICIONAL X KG,FRUTOS SECOS,13,SI
1430,MIX TROPICAL X KG.,FRUTOS SECOS,8,SI
2250,MOLINILLO ACERO INOXIDABLE,PALADEAR HOME,0,NO
2011,MOLINILLO CAFE MANUAL,PALADEAR HOME,2,SI
5038,MORINGA,INFUSIONES Y HIERBAS,1,SI
2276,"MORINGA TINTURA MADRE X60cc ""EL NATURALISTA""",SUPLEMENTOS,2,SI
2476,MOSTAZA CON MIEL ORGANICA 190gr,LINEA GOURMET,7,SI
2477,MOSTAZA DIJON 170gr,LINEA GOURMET,4,SI
1436,MOSTAZA EN GRANOS X KG,ESPECIAS,1,SI
2333,"NAD X 60 cápsulas ""EL NATURALISTA""",SUPLEMENTOS,3,SI
2334,"NAD+RESVERATROL X 60 cápsulas ""EL NATURALISTA""",SUPLEMENTOS,2,SI
2373,NENCIA TINTURA MADRE X 60 CC,SUPLEMENTOS,3,SI
2505,NMN nicotinamida mononucleotido,SUPLEMENTOS,0,NO
1957,NUECES CONFITADAS X 100 g,"DULCES, MIEL Y CHOCOLATES",0,NO
1446,NUEZ CON CASCARA X KG,FRUTOS SECOS,8,SI
1445,NUEZ CUARTOS X KG,FRUTOS SECOS,18,SI
4453,NUEZ DE BRASIL XKG,FRUTOS SECOS,4,SI
1716,NUEZ MARIPOSA EXTRA LIGHT X KG,FRUTOS SECOS,18,SI
1450,NUEZ MARIPOSA LIGHT X KG,FRUTOS SECOS,13,SI
1451,NUEZ MOSCADA ENTERA X KG,ESPECIAS,2,SI
1452,NUEZ MOSCADA MOLIDA X KG.,ESPECIAS,3,SI
5029,NUEZ PECAN,FRUTOS SECOS,2,SI
2189,OMEGA 3-SYNERGY 60 cap,SUPLEMENTOS,1,SI
1455,OREGANO KG.,ESPECIAS,3,SI
2372,ORTIGA TINTURA MADRE X 60 CC,SUPLEMENTOS,4,SI
2421,PALO SANTO X30GR,PALADEAR HOME,5,SI
1670,PANKO X KG,HARINAS,4,SI
5037,PAPRIKA,ESPECIAS,1,SI
2009,PASAS DE UVA C/CHOCO XKG,"DULCES, MIEL Y CHOCOLATES",3,SI
2440,PASAS DE UVA CEREZA CON SEMILLA X KG,DESHIDRATADOS,12,SI
4456,PASAS MOROCHA JUMBO X KG,DESHIDRATADOS,9,SI
1955,PASAS MOROCHAS FLAME SIN SEMILLA X KG,DESHIDRATADOS,13,SI
1461,PASAS RUBIA SIN SLLA X KG,DESHIDRATADOS,7,SI
2374,PASIONARIA TINTURA MADRE X 6O CC,SUPLEMENTOS,0,NO
1462,PASTA ACEITUNAS CONDIM. 200 g,LINEA GOURMET,4,SI
1463,"PASTA ACEITUNAS NEGRAS X 200 g ""AGROIANNI""",LINEA GOURMET,0,NO
1464,"PASTA ACEITUNAS VERDES X 200 g ""AGROIANNI""",LINEA GOURMET,3,SI
1465,PASTA DE AJI PICANTE X 90 GR,LINEA GOURMET,9,SI
1468,PASTA DE AJO X80 GR - ALCARAZ,LINEA GOURMET,8,SI
4457,PASTA DENTAL X 100 - SRISRI,PALADEAR HOME,6,SI
5048,PEPAS DE NUEZ,"AZUCAR, CACAO Y REPOSTERIA",0,SI
2397,PEPERINA X KG,INFUSIONES Y HIERBAS,1,SI
1483,PEPINILLOS EN VIN. X 200 GR,ENCURTIDOS,11,SI
1486,PEPINOS AGRID X 200 GR,ENCURTIDOS,5,SI
1488,PERAS WILLIAMS X KG,DESHIDRATADOS,4,SI
1489,PEREJIL EN HOJAS X KG.,ESPECIAS,1,SI
1492,PERRO CALLEJERO MALBEC X 750CC,VINOS,4,SI
1495,PESTO X KG,ESPECIAS,1,SI
1789,PETALOS DE ROSA XKG,INFUSIONES Y HIERBAS,0,SI
1501,PICKLES MIXTOS X 200 GR,ENCURTIDOS,7,SI
1502,PIMENTON AHUMADO X KG,ESPECIAS,3,SI
1505,PIMENTON EXTRA X KG,ESPECIAS,2,SI
1506,PIMENTÓN PICANTE X KG,ESPECIAS,2,SI
1508,PIMIENTA BCA EN GRANO X KG,ESPECIAS,3,SI
1510,PIMIENTA BCA MOLIDA X KG,ESPECIAS,3,SI
1511,PIMIENTA CAYENA MOLIDA X KG.,ESPECIAS,1,SI
2264,PIMIENTA JAMAICA X KG,ESPECIAS,1,SI
1512,PIMIENTA NEGRA EN GRANO X KG.,ESPECIAS,2,SI
1513,PIMIENTA NEGRA MOLIDA X KG,ESPECIAS,2,SI
1517,PIMIENTOS ENTEROS X 200 GR,ENCURTIDOS,9,SI
5010,PIPAS TOSTADAS CON SAL X 50 gr,SNACK,-2,NO
2369,PISTACHOS NATURALES SIN CÁCARA X KG,FRUTOS SECOS,9,SI
1520,PIÑA CONGELADA X KG,PRODUCTOS CONGELADOS,3,SI
2132,PLATA COLOIDAL X100ML,SUPLEMENTOS,0,NO
2092,POLEN X KG,ESPECIAS,1,SI
2410,POLVO P/HORENAR X 250 g SIN TACC - DICOMERE,PRODUCTOS SIN TACC,2,SI
5027,POLVO PARA HORNEAR SIN TACC X50 GR,PRODUCTOS SIN TACC,19,SI
2348,POLVO PARA HORNEAR X KG,"AZUCAR, CACAO Y REPOSTERIA",4,SI
1525,POROTO ALUBIA KG,GRANOS Y LEGUMBRES,6,SI
1526,POROTO COLORADO X KG.,GRANOS Y LEGUMBRES,9,SI
1527,POROTO MANTECA X KG.,GRANOS Y LEGUMBRES,9,SI
1528,POROTO MUNG X KG,GRANOS Y LEGUMBRES,3,SI
1529,POROTO NEGRO X KG.,GRANOS Y LEGUMBRES,4,SI
1530,POROTOS CONDIM X 200 GR,ENCURTIDOS,4,SI
1533,POROTOS PALLARES X KG,GRANOS Y LEGUMBRES,7,SI
2211,"POTASIO+MAGNESIO 30cap ""El Naturalista""",SUPLEMENTOS,8,SI
2332,"PREMEZCLA BIZCOCHUELO ""DELICEL"" X500GR SIN TACC",PRODUCTOS SIN TACC,7,SI
1539,PREMEZCLA P/PANIFI S/ TACC X 1 KG,PRODUCTOS SIN TACC,2,SI
2167,"PREMEZCLA PIZZA ""DELICEL"" X500GR SIN TACC",PRODUCTOS SIN TACC,3,SI
2490,PREMEZCLA SIN TACC UNIVERSAL PANADERIA REPOSTERÍA Y PASTAS X 500 g - DELICEL,PRODUCTOS SIN TACC,0,NO
2495,PRENSA FRANCESA 350ml,PALADEAR HOME,5,SI
2496,PRENSA FRANCESA 600ml,PALADEAR HOME,6,SI
2425,PRENSA FRANCESA 800ml,PALADEAR HOME,3,SI
2180,PROBIOTICOS KYIOJIN X 60 ML,SUPLEMENTOS,6,SI
2221,PROPOLEO LIQ X 100ml El Naturalista,SUPLEMENTOS,1,SI
2503,"PROPOLEO PLUS+CURCUMA,JENGIBRE Y TOMILLO 250ml",SUPLEMENTOS,2,SI
2401,"PROPOLEO SPRAY 30 cc ""EL NATURALISTA""",SUPLEMENTOS,2,SI
1900,"PROSTASANA X 30 COMPR. ""EL NATURALISTA""",SUPLEMENTOS,7,SI
1866,PROTEINA AISALDA DE SUERO X KG,SUPLEMENTOS,-0,NO
1545,PROVENZAL X KG.,ESPECIAS,2,SI
1549,QUINOA INFLADA X KG.,CEREALES,8,SI
1551,QUINOA X KG,SEMILLAS,2,SI
1553,REBOZADOR S/GLUTEN X 500 GR,PRODUCTOS SIN TACC,3,SI
2168,"REDUCTOR BLISTER X 10 COMP.""EL NATURALISTA""",SUPLEMENTOS,20,SI
2113,"REISHI X 60 CAPSULAS ""SOMOS SETA""",SUPLEMENTOS,2,SI
2412,"REISHI X 60 CC ""SOMOS SETA""",SUPLEMENTOS,2,SI
2295,"RELAX BLEND X50CAP. ""NATIER""",SUPLEMENTOS,1,SI
2212,"RESVERATROL X 30 ""EL NATURALISTA""",SUPLEMENTOS,10,SI
2050,"RESVERATROL X 50 CÁPSULAS ""NATIER""",SUPLEMENTOS,4,SI
2480,"RHODIOLA ROSEA EXTRACTO X60cc ""SOMOS SETAS""",SUPLEMENTOS,1,SI
2472,"RHODIOLA ROSEA POLVO ""SOMOS SETAS""",SUPLEMENTOS,1,SI
1692,RODAJAS NARANJA DESHIDR X 1 KG,DESHIDRATADOS,1,SI
1555,ROMERO EN HOJAS X KG.,ESPECIAS,3,SI
5024,ROOIBOS XKG,INFUSIONES Y HIERBAS,0,SI
2093,ROSA MOSQUETA X KG,INFUSIONES Y HIERBAS,1,SI
2071,SAHUMEADOR CHICO CEMENTO,PALADEAR HOME,0,NO
2070,SAHUMEADOR GRANDE COLOR,PALADEAR HOME,3,SI
2065,"SAHUMERIO MOMENTOS X5 ""AROMANZA""",PALADEAR HOME,14,SI
2066,"SAHUMERIO TIBETANO X8 ""AROMANZA""",PALADEAR HOME,62,SI
2329,SAHUMERIOS CON PORTASAHUMERIO AROMANZA,PALADEAR HOME,3,SI
2064,"SAHUMO LIMPIEZA ENERGENTICA ""SAGRADA MADRE""",PALADEAR HOME,1,SI
1557,SAL DEL HIMALAYA FINA X 1 KG,ESPECIAS,7,SI
1558,SAL DEL HIMALAYA GRUESA X KG.,ESPECIAS,6,SI
2376,SAL DIETETICA NATURAL,ESPECIAS,3,SI
1561,SAL MARINA FINA X 500 GR.,ESPECIAS,7,SI
1562,SAL MARINA GRUESA X 500 GR,ESPECIAS,10,SI
2419,SALERO/PIMENTERO,PALADEAR HOME,0,NO
1687,SALSA AJI PICANTE X 180 CC,LINEA GOURMET,4,SI
1803,SALSA CESAR 250 GR,LINEA GOURMET,2,SI
1566,SALSA CHIMICHURRI X 250 GR,LINEA GOURMET,7,SI
2502,SALSA INGLESA x180cc,LINEA GOURMET,21,SI
1573,SALSA JALAPEÑO ROJA X 180 CC,LINEA GOURMET,18,SI
1683,SALSA JALAPEÑO VERDE X 180 CC,LINEA GOURMET,11,SI
2144,SALSA TAHINE,LINEA GOURMET,2,SI
1575,SALSA TERIYAKI X 250 CC,LINEA GOURMET,4,SI
1576,SALVADO DE AVENA X KG,HARINAS,7,SI
1577,SALVADO DE TRIGO GRUESO X 1 KG,HARINAS,3,SI
1578,SALVIA OFICINAL,INFUSIONES Y HIERBAS,1,SI
2320,"SELENIO QUELADO ""NATIER"" X 50 CAP",SUPLEMENTOS,1,SI
1581,SEMILLA DE AMAPOLA X KG.,SEMILLAS,1,SI
1582,SEMILLA DE AMARANTO X KG,SEMILLAS,2,SI
1583,SEMILLA DE CHIA NAC X KG.,SEMILLAS,7,SI
1585,SEMILLA DE GIRASOL X KG.,SEMILLAS,9,SI
1586,SEMILLA DE LINO X KG,SEMILLAS,10,SI
1587,SEMILLA DE ZAPALLO PELADO X KG.,SEMILLAS,2,SI
2433,SEMILLAS HINOJO,SEMILLAS,1,SI
1588,SEMOLIN DE TRIGO X KG,HARINAS,-0,NO
2036,SEN FOLICULOS X KG,INFUSIONES Y HIERBAS,1,SI
1589,SESAMO BLANCO X KG.,SEMILLAS,4,SI
1591,SESAMO NEGRO X KG,SEMILLAS,3,SI
5005,SHAMPOO DE ROMERO Y ALOE VERA X300 CC - EL AMAUTA,PALADEAR HOME,0,NO
5025,SHAMPOO SOLIDO,PALADEAR HOME,2,SI
2349,SPIRULINA CONCENTRADA NATIER x 50 cápsulas,SUPLEMENTOS,3,SI
2256,SPIRULINA EN POLVO X KG,SUPLEMENTOS,2,SI
2081,"SPIRULINA X 10 COMP. ""EL NATURALISTA""",SUPLEMENTOS,12,SI
2178,STEVIA HOJAS X KG,INFUSIONES Y HIERBAS,1,SI
2099,"STEVIA LIQUIDA X120 ""SIN TACC""","AZUCAR, CACAO Y REPOSTERIA",4,SI
2098,"STEVIA SOBRES X100 ""SIN TACC""","AZUCAR, CACAO Y REPOSTERIA",7,SI
2439,"SYRUP DE DATILES ""LYNA""","AZUCAR, CACAO Y REPOSTERIA",0,NO
2035,TE DE BURRO X KG,INFUSIONES Y HIERBAS,1,SI
1618,TE NEGRO X KG,INFUSIONES Y HIERBAS,1,SI
1619,TE ROJO X KG,INFUSIONES Y HIERBAS,3,SI
2048,TE VERDE X KG,INFUSIONES Y HIERBAS,2,SI
2457,TETERA CON INFUSOR 550 ml,PALADEAR HOME,1,SI
2458,TETERA CON INFUSOR 750ml,PALADEAR HOME,5,SI
1621,TEXTURIZADO DE SOJA X KG,HARINAS,7,SI
1630,TOMATE CONDIM X 800 GR,TOMATE TRITURADO,14,SI
1632,TOMATE SECOS X KG,DESHIDRATADOS,3,SI
1627,TOMATE TRITURADO X 1 KG,TOMATE TRITURADO,5,SI
1628,TOMATE TRITURADO X 500 GR,TOMATE TRITURADO,12,SI
1633,TOMILLO X KG,ESPECIAS,1,SI
2107,"TOSTADAS RISKY ""SIN TACC""",PRODUCTOS SIN TACC,18,SI
2494,"TREMELLA EN CAPSULAS ""SOMOS SETAS""",SUPLEMENTOS,2,SI
2464,"TREMELLA EN POLVO 30 g ""SOMOS SETAS""""",SUPLEMENTOS,1,SI
2465,"TREMELLA EXTRACTO 60 cc ""SOMOS SETAS""",SUPLEMENTOS,2,SI
1634,TRIGO BURGOL X KG,GRANOS Y LEGUMBRES,4,SI
2379,TRIGO CANDEAL X KG,GRANOS Y LEGUMBRES,5,SI
2367,TRIGO SARRACENO PELADO X KG,GRANOS Y LEGUMBRES,2,SI
1635,TUTUCAS CON AZUCAR X KG,CEREALES,5,SI
1636,TUTUCAS SIN AZUCAR X KG,CEREALES,7,SI
2175,"VALERIANA BLISTER X 10 COMP. ""EL NATURALISTA""",SUPLEMENTOS,13,SI
2375,VALERIANA TINTURA MADRE X 60 CC,SUPLEMENTOS,3,SI
2405,VELON BURBUJA,PALADEAR HOME,5,SI
2392,"VERMUTH ""AQUI Y AHORA""",VINOS,6,SI
1637,VINAGRE DE ALCOHOL X 1 L,ACEITES Y VINAGRES,2,SI
1638,VINAGRE DE MANZANA X 1 L,ACEITES Y VINAGRES,11,SI
2364,"VINAGRE DE SIDRA DE MANZANA ""VERDE VIDA"" X 500 ML",SUPLEMENTOS,5,SI
2227,"VINAGRE DE SIDRA DE MANZANA X 250 ML ""NATIER""",SUPLEMENTOS,0,NO
2052,"VINAGRE DE SIDRA DE MANZANA X 50 CÁPSULAS ""NATIER""",SUPLEMENTOS,4,SI
2263,"VINAGRE DE SIDRA DE MANZANA X 500 ML ""NATIER""",SUPLEMENTOS,1,SI
1639,VINAGRE DE VINO X 1 L,ACEITES Y VINAGRES,7,SI
2188,VITAMINA B12 X 50 NATIER,SUPLEMENTOS,6,SI
2053,"VITAMINA C X 50 CÁPSULAS ""NATIER""",SUPLEMENTOS,6,SI
2311,"VITAMINA C X 60 COMPRIMIDOS ""EL NATURALISTA""",SUPLEMENTOS,0,NO
2102,"VITAMINA D3 X 50 UNIDADES ""NATIER""",SUPLEMENTOS,0,NO
2083,"VITAMINA E X 10 COMP. ""EL NATURALISTA""",SUPLEMENTOS,12,SI
2481,"VITAMINA K2 + D3 X 50 cápsulas ""NATIER""",SUPLEMENTOS,0,NO
2033,YERBA DEL PLATERO,INFUSIONES Y HIERBAS,1,SI
2043,YERBA MATE DESPALADA KALENA X KG,INFUSIONES Y HIERBAS,4,SI
5039,YERBA X500GR - TUCANGUA,INFUSIONES Y HIERBAS,0,NO
1879,YOGHURT ANANA X 1 L,PRODUCTOS DE FRIO,2,SI
1812,YOGHURT DURAZNO X 1 L,PRODUCTOS DE FRIO,2,SI
1811,YOGHURT FRUTILLA X 1 L,PRODUCTOS DE FRIO,1,SI
1809,YOGHURT NATURAL AZUCARADO X 1 L,PRODUCTOS DE FRIO,13,SI
1810,YOGHURT NATURAL SIN AZUCAR X 1 L,PRODUCTOS DE FRIO,14,SI
5036,YOGURT ENTERO X125 - YOGURLAC,PRODUCTOS DE FRIO,11,SI
1795,"YOGURT PROTEICO ""YOGURLAC"" X 1L",PRODUCTOS DE FRIO,4,SI
1656,ZAPALLO EN ALMIBAR X 360GR,LINEA GOURMET,1,SI
2079,"ZINC ""EL NATURALISTA""",SUPLEMENTOS,7,SI
